{
  "type": "FeatureCollection",
  "features": [
    null,
    {
      "id": "https://api.weather.gov/stations/KAAT/observations/2026-03-23T03:00:00+00:00",
      "type": "Feature",
      "geometry": {
        "type": "Point",
        "coordinates": [
          -120.57,
          41.48
        ]
      },
      "properties": {
        "@id": "https://api.weather.gov/stations/KAAT/observations/2026-03-23T03:00:00+00:00",
        "@type": "wx:ObservationStation",
        "elevation": {
          "unitCode": "wmoUnit:m",
          "value": 1333
        },
        "station": "https://api.weather.gov/stations/KAAT",
        "stationId": "KAAT",
        "stationName": "Alturas",
        "timestamp": "2026-03-23T03:00:00+00:00",
        "rawMessage": "",
        "textDescription": "Mostly Clear",
        "icon": "https://api.weather.gov/icons/land/night/few?size=medium",
        "presentWeather": [],
        "temperature": {
          "unitCode": "wmoUnit:degC",
          "value": 14,
          "qualityControl": "V"
        },
        "dewpoint": {
          "unitCode": "wmoUnit:degC",
          "value": 3,
          "qualityControl": "V"
        },
        "windDirection": {
          "unitCode": "wmoUnit:degree_(angle)",
          "value": 60,
          "qualityControl": "V"
        },
        "windSpeed": {
          "unitCode": "wmoUnit:km_h-1",
          "value": 5.544,
          "qualityControl": "V"
        },
        "windGust": {
          "unitCode": "wmoUnit:km_h-1",
          "value": null,
          "qualityControl": "Z"
        },
        "barometricPressure": {
          "unitCode": "wmoUnit:Pa",
          "value": 101693.25,
          "qualityControl": "V"
        },
        "seaLevelPressure": {
          "unitCode": "wmoUnit:Pa",
          "value": null,
          "qualityControl": "Z"
        },
        "visibility": {
          "unitCode": "wmoUnit:m",
          "value": 16093.44,
          "qualityControl": "C"
        },
        "maxTemperatureLast24Hours": {
          "unitCode": "wmoUnit:degC",
          "value": null
        },
        "minTemperatureLast24Hours": {
          "unitCode": "wmoUnit:degC",
          "value": null
        },
        "precipitationLast3Hours": {
          "unitCode": "wmoUnit:mm",
          "value": null,
          "qualityControl": "Z"
        },
        "relativeHumidity": {
          "unitCode": "wmoUnit:percent",
          "value": 47.470427887049,
          "qualityControl": "V"
        },
        "windChill": {
          "unitCode": "wmoUnit:degC",
          "value": null,
          "qualityControl": "V"
        },
        "heatIndex": {
          "unitCode": "wmoUnit:degC",
          "value": null,
          "qualityControl": "V"
        },
        "cloudLayers": [
          {
            "base": {
              "unitCode": "wmoUnit:m",
              "value": 2438.4
            },
            "amount": "FEW"
          }
        ]
      }
    },
    {
      "id": "https://api.weather.gov/stations/KAPV/observations/2026-03-23T01:55:00+00:00",
      "type": "Feature",
      "geometry": {
        "type": "Point",
        "coordinates": [
          -117.19,
          34.58
        ]
      },
      "properties": {
        "@id": "https://api.weather.gov/stations/KAPV/observations/2026-03-23T01:55:00+00:00",
        "@type": "wx:ObservationStation",
        "elevation": {
          "unitCode": "wmoUnit:m",
          "value": 933.3
        },
        "station": "https://api.weather.gov/stations/KAPV",
        "stationId": "KAPV",
        "stationName": "APPLEVALLEY",
        "timestamp": "2026-03-23T01:55:00+00:00",
        "rawMessage": "",
        "textDescription": "",
        "icon": null,
        "presentWeather": [],
        "temperature": {
          "unitCode": "wmoUnit:degC",
          "value": 27,
          "qualityControl": "V"
        },
        "dewpoint": {
          "unitCode": "wmoUnit:degC",
          "value": 6,
          "qualityControl": "V"
        },
        "windDirection": {
          "unitCode": "wmoUnit:degree_(angle)",
          "value": 0,
          "qualityControl": "V"
        },
        "windSpeed": {
          "unitCode": "wmoUnit:km_h-1",
          "value": 0,
          "qualityControl": "V"
        },
        "windGust": {
          "unitCode": "wmoUnit:km_h-1",
          "value": null,
          "qualityControl": "Z"
        },
        "barometricPressure": {
          "unitCode": "wmoUnit:Pa",
          "value": 101320.75,
          "qualityControl": "V"
        },
        "seaLevelPressure": {
          "unitCode": "wmoUnit:Pa",
          "value": null,
          "qualityControl": "Z"
        },
        "visibility": {
          "unitCode": "wmoUnit:m",
          "value": null,
          "qualityControl": "Z"
        },
        "maxTemperatureLast24Hours": {
          "unitCode": "wmoUnit:degC",
          "value": null
        },
        "minTemperatureLast24Hours": {
          "unitCode": "wmoUnit:degC",
          "value": null
        },
        "precipitationLastHour": {
          "unitCode": "wmoUnit:mm",
          "value": null,
          "qualityControl": "Z"
        },
        "precipitationLast3Hours": {
          "unitCode": "wmoUnit:mm",
          "value": null,
          "qualityControl": "Z"
        },
        "precipitationLast6Hours": {
          "unitCode": "wmoUnit:mm",
          "value": null,
          "qualityControl": "Z"
        },
        "relativeHumidity": {
          "unitCode": "wmoUnit:percent",
          "value": 26.247266226306,
          "qualityControl": "V"
        },
        "windChill": {
          "unitCode": "wmoUnit:degC",
          "value": null,
          "qualityControl": "V"
        },
        "heatIndex": {
          "unitCode": "wmoUnit:degC",
          "value": 26.440900840353333,
          "qualityControl": "V"
        },
        "cloudLayers": []
      }
    },
    {
      "id": "https://api.weather.gov/stations/KACV/observations/2026-03-23T03:00:00+00:00",
      "type": "Feature",
      "geometry": {
        "type": "Point",
        "coordinates": [
          -124.1,
          40.98
        ]
      },
      "properties": {
        "@id": "https://api.weather.gov/stations/KACV/observations/2026-03-23T03:00:00+00:00",
        "@type": "wx:ObservationStation",
        "elevation": {
          "unitCode": "wmoUnit:m",
          "value": 66
        },
        "station": "https://api.weather.gov/stations/KACV",
        "stationId": "KACV",
        "stationName": "Arcata / Eureka, Arcata Airport",
        "timestamp": "2026-03-23T03:00:00+00:00",
        "rawMessage": "",
        "textDescription": "Clear",
        "icon": "https://api.weather.gov/icons/land/night/skc?size=medium",
        "presentWeather": [],
        "temperature": {
          "unitCode": "wmoUnit:degC",
          "value": 9,
          "qualityControl": "V"
        },
        "dewpoint": {
          "unitCode": "wmoUnit:degC",
          "value": 7,
          "qualityControl": "V"
        },
        "windDirection": {
          "unitCode": "wmoUnit:degree_(angle)",
          "value": 10,
          "qualityControl": "V"
        },
        "windSpeed": {
          "unitCode": "wmoUnit:km_h-1",
          "value": 5.544,
          "qualityControl": "V"
        },
        "windGust": {
          "unitCode": "wmoUnit:km_h-1",
          "value": null,
          "qualityControl": "Z"
        },
        "barometricPressure": {
          "unitCode": "wmoUnit:Pa",
          "value": 101862.57,
          "qualityControl": "V"
        },
        "seaLevelPressure": {
          "unitCode": "wmoUnit:Pa",
          "value": null,
          "qualityControl": "Z"
        },
        "visibility": {
          "unitCode": "wmoUnit:m",
          "value": 14484.1,
          "qualityControl": "C"
        },
        "maxTemperatureLast24Hours": {
          "unitCode": "wmoUnit:degC",
          "value": null
        },
        "minTemperatureLast24Hours": {
          "unitCode": "wmoUnit:degC",
          "value": null
        },
        "precipitationLast3Hours": {
          "unitCode": "wmoUnit:mm",
          "value": null,
          "qualityControl": "Z"
        },
        "relativeHumidity": {
          "unitCode": "wmoUnit:percent",
          "value": 87.289209441366,
          "qualityControl": "V"
        },
        "windChill": {
          "unitCode": "wmoUnit:degC",
          "value": 8.46529267517,
          "qualityControl": "V"
        },
        "heatIndex": {
          "unitCode": "wmoUnit:degC",
          "value": null,
          "qualityControl": "V"
        },
        "cloudLayers": [
          {
            "base": {
              "unitCode": "wmoUnit:m",
              "value": 3810
            },
            "amount": "CLR"
          }
        ]
      }
    },
    {
      "id": "https://api.weather.gov/stations/KAUN/observations/2026-03-23T02:35:00+00:00",
      "type": "Feature",
      "geometry": {
        "type": "Point",
        "coordinates": [
          -121.08,
          38.95
        ]
      },
      "properties": {
        "@id": "https://api.weather.gov/stations/KAUN/observations/2026-03-23T02:35:00+00:00",
        "@type": "wx:ObservationStation",
        "elevation": {
          "unitCode": "wmoUnit:m",
          "value": 467
        },
        "station": "https://api.weather.gov/stations/KAUN",
        "stationId": "KAUN",
        "stationName": "Auburn Municipal Airport",
        "timestamp": "2026-03-23T02:35:00+00:00",
        "rawMessage": "KAUN 230235Z AUTO 00000KT 10SM CLR 19/12 A2995 RMK A01",
        "textDescription": "Clear",
        "icon": "https://api.weather.gov/icons/land/night/skc?size=medium",
        "presentWeather": [],
        "temperature": {
          "unitCode": "wmoUnit:degC",
          "value": 19,
          "qualityControl": "V"
        },
        "dewpoint": {
          "unitCode": "wmoUnit:degC",
          "value": 12,
          "qualityControl": "V"
        },
        "windDirection": {
          "unitCode": "wmoUnit:degree_(angle)",
          "value": 0,
          "qualityControl": "V"
        },
        "windSpeed": {
          "unitCode": "wmoUnit:km_h-1",
          "value": 0,
          "qualityControl": "V"
        },
        "windGust": {
          "unitCode": "wmoUnit:km_h-1",
          "value": null,
          "qualityControl": "Z"
        },
        "barometricPressure": {
          "unitCode": "wmoUnit:Pa",
          "value": 101420,
          "qualityControl": "V"
        },
        "seaLevelPressure": {
          "unitCode": "wmoUnit:Pa",
          "value": null,
          "qualityControl": "Z"
        },
        "visibility": {
          "unitCode": "wmoUnit:m",
          "value": 16090,
          "qualityControl": "C"
        },
        "maxTemperatureLast24Hours": {
          "unitCode": "wmoUnit:degC",
          "value": null
        },
        "minTemperatureLast24Hours": {
          "unitCode": "wmoUnit:degC",
          "value": null
        },
        "precipitationLastHour": {
          "unitCode": "wmoUnit:mm",
          "value": null,
          "qualityControl": "Z"
        },
        "precipitationLast3Hours": {
          "unitCode": "wmoUnit:mm",
          "value": null,
          "qualityControl": "Z"
        },
        "precipitationLast6Hours": {
          "unitCode": "wmoUnit:mm",
          "value": null,
          "qualityControl": "Z"
        },
        "relativeHumidity": {
          "unitCode": "wmoUnit:percent",
          "value": 63.847544203513,
          "qualityControl": "V"
        },
        "windChill": {
          "unitCode": "wmoUnit:degC",
          "value": null,
          "qualityControl": "V"
        },
        "heatIndex": {
          "unitCode": "wmoUnit:degC",
          "value": null,
          "qualityControl": "V"
        },
        "cloudLayers": [
          {
            "base": {
              "unitCode": "wmoUnit:m",
              "value": null
            },
            "amount": "CLR"
          }
        ]
      }
    },
    {
      "id": "https://api.weather.gov/stations/KAVX/observations/2026-03-23T03:00:00+00:00",
      "type": "Feature",
      "geometry": {
        "type": "Point",
        "coordinates": [
          -118.42,
          33.4
        ]
      },
      "properties": {
        "@id": "https://api.weather.gov/stations/KAVX/observations/2026-03-23T03:00:00+00:00",
        "@type": "wx:ObservationStation",
        "elevation": {
          "unitCode": "wmoUnit:m",
          "value": 488
        },
        "station": "https://api.weather.gov/stations/KAVX",
        "stationId": "KAVX",
        "stationName": "Avalon Catalina Airport",
        "timestamp": "2026-03-23T03:00:00+00:00",
        "rawMessage": "",
        "textDescription": "Clear",
        "icon": "https://api.weather.gov/icons/land/night/skc?size=medium",
        "presentWeather": [],
        "temperature": {
          "unitCode": "wmoUnit:degC",
          "value": 19,
          "qualityControl": "V"
        },
        "dewpoint": {
          "unitCode": "wmoUnit:degC",
          "value": null,
          "qualityControl": "Z"
        },
        "windDirection": {
          "unitCode": "wmoUnit:degree_(angle)",
          "value": 0,
          "qualityControl": "V"
        },
        "windSpeed": {
          "unitCode": "wmoUnit:km_h-1",
          "value": 0,
          "qualityControl": "V"
        },
        "windGust": {
          "unitCode": "wmoUnit:km_h-1",
          "value": null,
          "qualityControl": "Z"
        },
        "barometricPressure": {
          "unitCode": "wmoUnit:Pa",
          "value": 101320.75,
          "qualityControl": "V"
        },
        "seaLevelPressure": {
          "unitCode": "wmoUnit:Pa",
          "value": null,
          "qualityControl": "Z"
        },
        "visibility": {
          "unitCode": "wmoUnit:m",
          "value": 16093.44,
          "qualityControl": "C"
        },
        "maxTemperatureLast24Hours": {
          "unitCode": "wmoUnit:degC",
          "value": null
        },
        "minTemperatureLast24Hours": {
          "unitCode": "wmoUnit:degC",
          "value": null
        },
        "precipitationLast3Hours": {
          "unitCode": "wmoUnit:mm",
          "value": null,
          "qualityControl": "Z"
        },
        "relativeHumidity": {
          "unitCode": "wmoUnit:percent",
          "value": null,
          "qualityControl": "V"
        },
        "windChill": {
          "unitCode": "wmoUnit:degC",
          "value": null,
          "qualityControl": "V"
        },
        "heatIndex": {
          "unitCode": "wmoUnit:degC",
          "value": null,
          "qualityControl": "V"
        },
        "cloudLayers": [
          {
            "base": {
              "unitCode": "wmoUnit:m",
              "value": 3810
            },
            "amount": "CLR"
          }
        ]
      }
    },
    {
      "id": "https://api.weather.gov/stations/KBFL/observations/2026-03-23T03:00:00+00:00",
      "type": "Feature",
      "geometry": {
        "type": "Point",
        "coordinates": [
          -119.05,
          35.43
        ]
      },
      "properties": {
        "@id": "https://api.weather.gov/stations/KBFL/observations/2026-03-23T03:00:00+00:00",
        "@type": "wx:ObservationStation",
        "elevation": {
          "unitCode": "wmoUnit:m",
          "value": 150
        },
        "station": "https://api.weather.gov/stations/KBFL",
        "stationId": "KBFL",
        "stationName": "Bakersfield, Meadows Field Airport",
        "timestamp": "2026-03-23T03:00:00+00:00",
        "rawMessage": "",
        "textDescription": "Clear",
        "icon": "https://api.weather.gov/icons/land/night/skc?size=medium",
        "presentWeather": [],
        "temperature": {
          "unitCode": "wmoUnit:degC",
          "value": 24,
          "qualityControl": "V"
        },
        "dewpoint": {
          "unitCode": "wmoUnit:degC",
          "value": 11,
          "qualityControl": "V"
        },
        "windDirection": {
          "unitCode": "wmoUnit:degree_(angle)",
          "value": 350,
          "qualityControl": "V"
        },
        "windSpeed": {
          "unitCode": "wmoUnit:km_h-1",
          "value": 14.832,
          "qualityControl": "V"
        },
        "windGust": {
          "unitCode": "wmoUnit:km_h-1",
          "value": null,
          "qualityControl": "Z"
        },
        "barometricPressure": {
          "unitCode": "wmoUnit:Pa",
          "value": 101219.16,
          "qualityControl": "V"
        },
        "seaLevelPressure": {
          "unitCode": "wmoUnit:Pa",
          "value": null,
          "qualityControl": "Z"
        },
        "visibility": {
          "unitCode": "wmoUnit:m",
          "value": 16093.44,
          "qualityControl": "C"
        },
        "maxTemperatureLast24Hours": {
          "unitCode": "wmoUnit:degC",
          "value": null
        },
        "minTemperatureLast24Hours": {
          "unitCode": "wmoUnit:degC",
          "value": null
        },
        "precipitationLast3Hours": {
          "unitCode": "wmoUnit:mm",
          "value": null,
          "qualityControl": "Z"
        },
        "relativeHumidity": {
          "unitCode": "wmoUnit:percent",
          "value": 44.005078558671,
          "qualityControl": "V"
        },
        "windChill": {
          "unitCode": "wmoUnit:degC",
          "value": null,
          "qualityControl": "V"
        },
        "heatIndex": {
          "unitCode": "wmoUnit:degC",
          "value": 23.604577051254445,
          "qualityControl": "V"
        },
        "cloudLayers": [
          {
            "base": {
              "unitCode": "wmoUnit:m",
              "value": 3810
            },
            "amount": "CLR"
          }
        ]
      }
    },
    {
      "id": "https://api.weather.gov/stations/KBAB/observations/2026-03-23T01:55:00+00:00",
      "type": "Feature",
      "geometry": {
        "type": "Point",
        "coordinates": [
          -121.43,
          39.13
        ]
      },
      "properties": {
        "@id": "https://api.weather.gov/stations/KBAB/observations/2026-03-23T01:55:00+00:00",
        "@type": "wx:ObservationStation",
        "elevation": {
          "unitCode": "wmoUnit:m",
          "value": 34
        },
        "station": "https://api.weather.gov/stations/KBAB",
        "stationId": "KBAB",
        "stationName": "Marysville, Beale Air Force Base",
        "timestamp": "2026-03-23T01:55:00+00:00",
        "rawMessage": "",
        "textDescription": "",
        "icon": null,
        "presentWeather": [],
        "temperature": {
          "unitCode": "wmoUnit:degC",
          "value": 23.5,
          "qualityControl": "V"
        },
        "dewpoint": {
          "unitCode": "wmoUnit:degC",
          "value": 14.5,
          "qualityControl": "V"
        },
        "windDirection": {
          "unitCode": "wmoUnit:degree_(angle)",
          "value": 140,
          "qualityControl": "V"
        },
        "windSpeed": {
          "unitCode": "wmoUnit:km_h-1",
          "value": 7.56,
          "qualityControl": "V"
        },
        "windGust": {
          "unitCode": "wmoUnit:km_h-1",
          "value": null,
          "qualityControl": "Z"
        },
        "barometricPressure": {
          "unitCode": "wmoUnit:Pa",
          "value": 101150,
          "qualityControl": "V"
        },
        "seaLevelPressure": {
          "unitCode": "wmoUnit:Pa",
          "value": 101180,
          "qualityControl": "V"
        },
        "visibility": {
          "unitCode": "wmoUnit:m",
          "value": 16090,
          "qualityControl": "C"
        },
        "maxTemperatureLast24Hours": {
          "unitCode": "wmoUnit:degC",
          "value": null
        },
        "minTemperatureLast24Hours": {
          "unitCode": "wmoUnit:degC",
          "value": null
        },
        "precipitationLastHour": {
          "unitCode": "wmoUnit:mm",
          "value": null,
          "qualityControl": "Z"
        },
        "precipitationLast3Hours": {
          "unitCode": "wmoUnit:mm",
          "value": null,
          "qualityControl": "Z"
        },
        "precipitationLast6Hours": {
          "unitCode": "wmoUnit:mm",
          "value": null,
          "qualityControl": "Z"
        },
        "relativeHumidity": {
          "unitCode": "wmoUnit:percent",
          "value": 57.028464478848,
          "qualityControl": "V"
        },
        "windChill": {
          "unitCode": "wmoUnit:degC",
          "value": null,
          "qualityControl": "V"
        },
        "heatIndex": {
          "unitCode": "wmoUnit:degC",
          "value": 23.394632128058888,
          "qualityControl": "V"
        },
        "cloudLayers": []
      }
    },
    null,
    {
      "id": "https://api.weather.gov/stations/KBYS/observations/2026-03-23T01:55:00+00:00",
      "type": "Feature",
      "geometry": {
        "type": "Point",
        "coordinates": [
          -116.62,
          35.28
        ]
      },
      "properties": {
        "@id": "https://api.weather.gov/stations/KBYS/observations/2026-03-23T01:55:00+00:00",
        "@type": "wx:ObservationStation",
        "elevation": {
          "unitCode": "wmoUnit:m",
          "value": 716
        },
        "station": "https://api.weather.gov/stations/KBYS",
        "stationId": "KBYS",
        "stationName": "Fort Irwin/Barstow, Bicycle Lake Army Airfield",
        "timestamp": "2026-03-23T01:55:00+00:00",
        "rawMessage": "",
        "textDescription": "",
        "icon": null,
        "presentWeather": [],
        "temperature": {
          "unitCode": "wmoUnit:degC",
          "value": 29.1,
          "qualityControl": "V"
        },
        "dewpoint": {
          "unitCode": "wmoUnit:degC",
          "value": -1.1,
          "qualityControl": "V"
        },
        "windDirection": {
          "unitCode": "wmoUnit:degree_(angle)",
          "value": 130,
          "qualityControl": "V"
        },
        "windSpeed": {
          "unitCode": "wmoUnit:km_h-1",
          "value": 9.36,
          "qualityControl": "V"
        },
        "windGust": {
          "unitCode": "wmoUnit:km_h-1",
          "value": null,
          "qualityControl": "Z"
        },
        "barometricPressure": {
          "unitCode": "wmoUnit:Pa",
          "value": 101050,
          "qualityControl": "V"
        },
        "seaLevelPressure": {
          "unitCode": "wmoUnit:Pa",
          "value": 100830,
          "qualityControl": "V"
        },
        "visibility": {
          "unitCode": "wmoUnit:m",
          "value": 16090,
          "qualityControl": "C"
        },
        "maxTemperatureLast24Hours": {
          "unitCode": "wmoUnit:degC",
          "value": null
        },
        "minTemperatureLast24Hours": {
          "unitCode": "wmoUnit:degC",
          "value": null
        },
        "precipitationLastHour": {
          "unitCode": "wmoUnit:mm",
          "value": null,
          "qualityControl": "Z"
        },
        "precipitationLast3Hours": {
          "unitCode": "wmoUnit:mm",
          "value": null,
          "qualityControl": "Z"
        },
        "precipitationLast6Hours": {
          "unitCode": "wmoUnit:mm",
          "value": null,
          "qualityControl": "Z"
        },
        "relativeHumidity": {
          "unitCode": "wmoUnit:percent",
          "value": 14.018682597561,
          "qualityControl": "V"
        },
        "windChill": {
          "unitCode": "wmoUnit:degC",
          "value": null,
          "qualityControl": "V"
        },
        "heatIndex": {
          "unitCode": "wmoUnit:degC",
          "value": 27.44115072057222,
          "qualityControl": "V"
        },
        "cloudLayers": []
      }
    },
    {
      "id": "https://api.weather.gov/stations/KL35/observations/2026-03-23T02:55:00+00:00",
      "type": "Feature",
      "geometry": {
        "type": "Point",
        "coordinates": [
          -116.86,
          34.26
        ]
      },
      "properties": {
        "@id": "https://api.weather.gov/stations/KL35/observations/2026-03-23T02:55:00+00:00",
        "@type": "wx:ObservationStation",
        "elevation": {
          "unitCode": "wmoUnit:m",
          "value": 2058
        },
        "station": "https://api.weather.gov/stations/KL35",
        "stationId": "KL35",
        "stationName": "Big Bear City Airport",
        "timestamp": "2026-03-23T02:55:00+00:00",
        "rawMessage": "KL35 230255Z AUTO 00000KT 10SM CLR 12/02 A3019 RMK AO2",
        "textDescription": "Clear",
        "icon": "https://api.weather.gov/icons/land/night/skc?size=medium",
        "presentWeather": [],
        "temperature": {
          "unitCode": "wmoUnit:degC",
          "value": 12,
          "qualityControl": "V"
        },
        "dewpoint": {
          "unitCode": "wmoUnit:degC",
          "value": 2,
          "qualityControl": "V"
        },
        "windDirection": {
          "unitCode": "wmoUnit:degree_(angle)",
          "value": 0,
          "qualityControl": "V"
        },
        "windSpeed": {
          "unitCode": "wmoUnit:km_h-1",
          "value": 0,
          "qualityControl": "V"
        },
        "windGust": {
          "unitCode": "wmoUnit:km_h-1",
          "value": null,
          "qualityControl": "Z"
        },
        "barometricPressure": {
          "unitCode": "wmoUnit:Pa",
          "value": null,
          "qualityControl": "Z"
        },
        "seaLevelPressure": {
          "unitCode": "wmoUnit:Pa",
          "value": null,
          "qualityControl": "Z"
        },
        "visibility": {
          "unitCode": "wmoUnit:m",
          "value": 16090,
          "qualityControl": "C"
        },
        "maxTemperatureLast24Hours": {
          "unitCode": "wmoUnit:degC",
          "value": null
        },
        "minTemperatureLast24Hours": {
          "unitCode": "wmoUnit:degC",
          "value": null
        },
        "precipitationLastHour": {
          "unitCode": "wmoUnit:mm",
          "value": null,
          "qualityControl": "Z"
        },
        "precipitationLast3Hours": {
          "unitCode": "wmoUnit:mm",
          "value": null,
          "qualityControl": "Z"
        },
        "precipitationLast6Hours": {
          "unitCode": "wmoUnit:mm",
          "value": null,
          "qualityControl": "Z"
        },
        "relativeHumidity": {
          "unitCode": "wmoUnit:percent",
          "value": 50.387471827471,
          "qualityControl": "V"
        },
        "windChill": {
          "unitCode": "wmoUnit:degC",
          "value": null,
          "qualityControl": "V"
        },
        "heatIndex": {
          "unitCode": "wmoUnit:degC",
          "value": null,
          "qualityControl": "V"
        },
        "cloudLayers": [
          {
            "base": {
              "unitCode": "wmoUnit:m",
              "value": null
            },
            "amount": "CLR"
          }
        ]
      }
    },
    {
      "id": "https://api.weather.gov/stations/KBIH/observations/2026-03-23T03:00:00+00:00",
      "type": "Feature",
      "geometry": {
        "type": "Point",
        "coordinates": [
          -118.37,
          37.37
        ]
      },
      "properties": {
        "@id": "https://api.weather.gov/stations/KBIH/observations/2026-03-23T03:00:00+00:00",
        "@type": "wx:ObservationStation",
        "elevation": {
          "unitCode": "wmoUnit:m",
          "value": 1263
        },
        "station": "https://api.weather.gov/stations/KBIH",
        "stationId": "KBIH",
        "stationName": "Bishop, Bishop Airport",
        "timestamp": "2026-03-23T03:00:00+00:00",
        "rawMessage": "",
        "textDescription": "Clear",
        "icon": "https://api.weather.gov/icons/land/night/skc?size=medium",
        "presentWeather": [],
        "temperature": {
          "unitCode": "wmoUnit:degC",
          "value": 21,
          "qualityControl": "V"
        },
        "dewpoint": {
          "unitCode": "wmoUnit:degC",
          "value": -2,
          "qualityControl": "V"
        },
        "windDirection": {
          "unitCode": "wmoUnit:degree_(angle)",
          "value": null,
          "qualityControl": "Z"
        },
        "windSpeed": {
          "unitCode": "wmoUnit:km_h-1",
          "value": null,
          "qualityControl": "Z"
        },
        "windGust": {
          "unitCode": "wmoUnit:km_h-1",
          "value": null,
          "qualityControl": "Z"
        },
        "barometricPressure": {
          "unitCode": "wmoUnit:Pa",
          "value": null,
          "qualityControl": "Z"
        },
        "seaLevelPressure": {
          "unitCode": "wmoUnit:Pa",
          "value": null,
          "qualityControl": "Z"
        },
        "visibility": {
          "unitCode": "wmoUnit:m",
          "value": 16093.44,
          "qualityControl": "C"
        },
        "maxTemperatureLast24Hours": {
          "unitCode": "wmoUnit:degC",
          "value": null
        },
        "minTemperatureLast24Hours": {
          "unitCode": "wmoUnit:degC",
          "value": null
        },
        "precipitationLast3Hours": {
          "unitCode": "wmoUnit:mm",
          "value": null,
          "qualityControl": "Z"
        },
        "relativeHumidity": {
          "unitCode": "wmoUnit:percent",
          "value": 21.266916562719,
          "qualityControl": "V"
        },
        "windChill": {
          "unitCode": "wmoUnit:degC",
          "value": null,
          "qualityControl": "V"
        },
        "heatIndex": {
          "unitCode": "wmoUnit:degC",
          "value": null,
          "qualityControl": "V"
        },
        "cloudLayers": [
          {
            "base": {
              "unitCode": "wmoUnit:m",
              "value": 3810
            },
            "amount": "CLR"
          }
        ]
      }
    },
    {
      "id": "https://api.weather.gov/stations/KBLH/observations/2026-03-16T16:25:00+00:00",
      "type": "Feature",
      "geometry": {
        "type": "Point",
        "coordinates": [
          -114.72,
          33.62
        ]
      },
      "properties": {
        "@id": "https://api.weather.gov/stations/KBLH/observations/2026-03-16T16:25:00+00:00",
        "@type": "wx:ObservationStation",
        "elevation": {
          "unitCode": "wmoUnit:m",
          "value": 121
        },
        "station": "https://api.weather.gov/stations/KBLH",
        "stationId": "KBLH",
        "stationName": "Blythe, Blythe Airport",
        "timestamp": "2026-03-16T16:25:00+00:00",
        "rawMessage": "",
        "textDescription": "Clear",
        "icon": "https://api.weather.gov/icons/land/day/skc?size=medium",
        "presentWeather": [],
        "temperature": {
          "unitCode": "wmoUnit:degC",
          "value": 28,
          "qualityControl": "V"
        },
        "dewpoint": {
          "unitCode": "wmoUnit:degC",
          "value": -8,
          "qualityControl": "V"
        },
        "windDirection": {
          "unitCode": "wmoUnit:degree_(angle)",
          "value": null,
          "qualityControl": "Z"
        },
        "windSpeed": {
          "unitCode": "wmoUnit:km_h-1",
          "value": null,
          "qualityControl": "Z"
        },
        "windGust": {
          "unitCode": "wmoUnit:km_h-1",
          "value": null,
          "qualityControl": "Z"
        },
        "barometricPressure": {
          "unitCode": "wmoUnit:Pa",
          "value": 101591.66,
          "qualityControl": "V"
        },
        "seaLevelPressure": {
          "unitCode": "wmoUnit:Pa",
          "value": null,
          "qualityControl": "Z"
        },
        "visibility": {
          "unitCode": "wmoUnit:m",
          "value": 16093.44,
          "qualityControl": "C"
        },
        "maxTemperatureLast24Hours": {
          "unitCode": "wmoUnit:degC",
          "value": null
        },
        "minTemperatureLast24Hours": {
          "unitCode": "wmoUnit:degC",
          "value": null
        },
        "precipitationLast3Hours": {
          "unitCode": "wmoUnit:mm",
          "value": null,
          "qualityControl": "Z"
        },
        "relativeHumidity": {
          "unitCode": "wmoUnit:percent",
          "value": 8.8862739502152,
          "qualityControl": "V"
        },
        "windChill": {
          "unitCode": "wmoUnit:degC",
          "value": null,
          "qualityControl": "V"
        },
        "heatIndex": {
          "unitCode": "wmoUnit:degC",
          "value": 26.31318903025889,
          "qualityControl": "V"
        },
        "cloudLayers": [
          {
            "base": {
              "unitCode": "wmoUnit:m",
              "value": 3810
            },
            "amount": "CLR"
          }
        ]
      }
    },
    {
      "id": "https://api.weather.gov/stations/KL08/observations/2026-03-23T01:35:00+00:00",
      "type": "Feature",
      "geometry": {
        "type": "Point",
        "coordinates": [
          -116.32,
          33.26
        ]
      },
      "properties": {
        "@id": "https://api.weather.gov/stations/KL08/observations/2026-03-23T01:35:00+00:00",
        "@type": "wx:ObservationStation",
        "elevation": {
          "unitCode": "wmoUnit:m",
          "value": 159.2
        },
        "station": "https://api.weather.gov/stations/KL08",
        "stationId": "KL08",
        "stationName": "Borrego Valley Airport",
        "timestamp": "2026-03-23T01:35:00+00:00",
        "rawMessage": "",
        "textDescription": "Clear",
        "icon": "https://api.weather.gov/icons/land/night/skc?size=medium",
        "presentWeather": [],
        "temperature": {
          "unitCode": "wmoUnit:degC",
          "value": 34,
          "qualityControl": "V"
        },
        "dewpoint": {
          "unitCode": "wmoUnit:degC",
          "value": 4,
          "qualityControl": "V"
        },
        "windDirection": {
          "unitCode": "wmoUnit:degree_(angle)",
          "value": 0,
          "qualityControl": "V"
        },
        "windSpeed": {
          "unitCode": "wmoUnit:km_h-1",
          "value": 0,
          "qualityControl": "V"
        },
        "windGust": {
          "unitCode": "wmoUnit:km_h-1",
          "value": null,
          "qualityControl": "Z"
        },
        "barometricPressure": {
          "unitCode": "wmoUnit:Pa",
          "value": 100711.2,
          "qualityControl": "V"
        },
        "seaLevelPressure": {
          "unitCode": "wmoUnit:Pa",
          "value": null,
          "qualityControl": "Z"
        },
        "visibility": {
          "unitCode": "wmoUnit:m",
          "value": 16093.44,
          "qualityControl": "C"
        },
        "maxTemperatureLast24Hours": {
          "unitCode": "wmoUnit:degC",
          "value": null
        },
        "minTemperatureLast24Hours": {
          "unitCode": "wmoUnit:degC",
          "value": null
        },
        "precipitationLastHour": {
          "unitCode": "wmoUnit:mm",
          "value": null,
          "qualityControl": "Z"
        },
        "precipitationLast3Hours": {
          "unitCode": "wmoUnit:mm",
          "value": null,
          "qualityControl": "Z"
        },
        "precipitationLast6Hours": {
          "unitCode": "wmoUnit:mm",
          "value": null,
          "qualityControl": "Z"
        },
        "relativeHumidity": {
          "unitCode": "wmoUnit:percent",
          "value": 15.294664228712,
          "qualityControl": "V"
        },
        "windChill": {
          "unitCode": "wmoUnit:degC",
          "value": null,
          "qualityControl": "V"
        },
        "heatIndex": {
          "unitCode": "wmoUnit:degC",
          "value": 31.622729866408335,
          "qualityControl": "V"
        },
        "cloudLayers": [
          {
            "base": {
              "unitCode": "wmoUnit:m",
              "value": null
            },
            "amount": "CLR"
          }
        ]
      }
    },
    null,
    {
      "id": "https://api.weather.gov/stations/KBAN/observations/2026-03-23T02:52:00+00:00",
      "type": "Feature",
      "geometry": {
        "type": "Point",
        "coordinates": [
          -119.51,
          38.35
        ]
      },
      "properties": {
        "@id": "https://api.weather.gov/stations/KBAN/observations/2026-03-23T02:52:00+00:00",
        "@type": "wx:ObservationStation",
        "elevation": {
          "unitCode": "wmoUnit:m",
          "value": 2067
        },
        "station": "https://api.weather.gov/stations/KBAN",
        "stationId": "KBAN",
        "stationName": "MCMWTC BRIDGEPORT",
        "timestamp": "2026-03-23T02:52:00+00:00",
        "rawMessage": "KBAN 230252Z AUTO 10SM CLR 15/M04 A3016 RMK AO2 SLP182 T01501039 53005 PWINO $",
        "textDescription": "Clear",
        "icon": "https://api.weather.gov/icons/land/night/skc?size=medium",
        "presentWeather": [],
        "temperature": {
          "unitCode": "wmoUnit:degC",
          "value": 15,
          "qualityControl": "V"
        },
        "dewpoint": {
          "unitCode": "wmoUnit:degC",
          "value": -3.9,
          "qualityControl": "V"
        },
        "windDirection": {
          "unitCode": "wmoUnit:degree_(angle)",
          "value": null,
          "qualityControl": "Z"
        },
        "windSpeed": {
          "unitCode": "wmoUnit:km_h-1",
          "value": null,
          "qualityControl": "Z"
        },
        "windGust": {
          "unitCode": "wmoUnit:km_h-1",
          "value": null,
          "qualityControl": "Z"
        },
        "barometricPressure": {
          "unitCode": "wmoUnit:Pa",
          "value": 102130,
          "qualityControl": "V"
        },
        "seaLevelPressure": {
          "unitCode": "wmoUnit:Pa",
          "value": 101820,
          "qualityControl": "V"
        },
        "visibility": {
          "unitCode": "wmoUnit:m",
          "value": 16090,
          "qualityControl": "C"
        },
        "maxTemperatureLast24Hours": {
          "unitCode": "wmoUnit:degC",
          "value": null
        },
        "minTemperatureLast24Hours": {
          "unitCode": "wmoUnit:degC",
          "value": null
        },
        "precipitationLastHour": {
          "unitCode": "wmoUnit:mm",
          "value": null,
          "qualityControl": "Z"
        },
        "precipitationLast3Hours": {
          "unitCode": "wmoUnit:mm",
          "value": null,
          "qualityControl": "Z"
        },
        "precipitationLast6Hours": {
          "unitCode": "wmoUnit:mm",
          "value": null,
          "qualityControl": "Z"
        },
        "relativeHumidity": {
          "unitCode": "wmoUnit:percent",
          "value": 26.928454048217,
          "qualityControl": "V"
        },
        "windChill": {
          "unitCode": "wmoUnit:degC",
          "value": null,
          "qualityControl": "V"
        },
        "heatIndex": {
          "unitCode": "wmoUnit:degC",
          "value": null,
          "qualityControl": "V"
        },
        "cloudLayers": [
          {
            "base": {
              "unitCode": "wmoUnit:m",
              "value": null
            },
            "amount": "CLR"
          }
        ]
      }
    },
    {
      "id": "https://api.weather.gov/stations/KBUR/observations/2026-03-23T03:00:00+00:00",
      "type": "Feature",
      "geometry": {
        "type": "Point",
        "coordinates": [
          -118.35,
          34.2
        ]
      },
      "properties": {
        "@id": "https://api.weather.gov/stations/KBUR/observations/2026-03-23T03:00:00+00:00",
        "@type": "wx:ObservationStation",
        "elevation": {
          "unitCode": "wmoUnit:m",
          "value": 236
        },
        "station": "https://api.weather.gov/stations/KBUR",
        "stationId": "KBUR",
        "stationName": "Burbank - Bob Hope Airport",
        "timestamp": "2026-03-23T03:00:00+00:00",
        "rawMessage": "",
        "textDescription": "Clear",
        "icon": "https://api.weather.gov/icons/land/night/skc?size=medium",
        "presentWeather": [],
        "temperature": {
          "unitCode": "wmoUnit:degC",
          "value": 22,
          "qualityControl": "V"
        },
        "dewpoint": {
          "unitCode": "wmoUnit:degC",
          "value": 14,
          "qualityControl": "V"
        },
        "windDirection": {
          "unitCode": "wmoUnit:degree_(angle)",
          "value": 140,
          "qualityControl": "V"
        },
        "windSpeed": {
          "unitCode": "wmoUnit:km_h-1",
          "value": 11.124,
          "qualityControl": "V"
        },
        "windGust": {
          "unitCode": "wmoUnit:km_h-1",
          "value": null,
          "qualityControl": "Z"
        },
        "barometricPressure": {
          "unitCode": "wmoUnit:Pa",
          "value": 101185.29,
          "qualityControl": "V"
        },
        "seaLevelPressure": {
          "unitCode": "wmoUnit:Pa",
          "value": null,
          "qualityControl": "Z"
        },
        "visibility": {
          "unitCode": "wmoUnit:m",
          "value": 16093.44,
          "qualityControl": "C"
        },
        "maxTemperatureLast24Hours": {
          "unitCode": "wmoUnit:degC",
          "value": null
        },
        "minTemperatureLast24Hours": {
          "unitCode": "wmoUnit:degC",
          "value": null
        },
        "precipitationLast3Hours": {
          "unitCode": "wmoUnit:mm",
          "value": null,
          "qualityControl": "Z"
        },
        "relativeHumidity": {
          "unitCode": "wmoUnit:percent",
          "value": 60.470206383168,
          "qualityControl": "V"
        },
        "windChill": {
          "unitCode": "wmoUnit:degC",
          "value": null,
          "qualityControl": "V"
        },
        "heatIndex": {
          "unitCode": "wmoUnit:degC",
          "value": 21.834499833338334,
          "qualityControl": "V"
        },
        "cloudLayers": [
          {
            "base": {
              "unitCode": "wmoUnit:m",
              "value": 3810
            },
            "amount": "CLR"
          }
        ]
      }
    },
    null,
    {
      "id": "https://api.weather.gov/stations/KC83/observations/2026-03-23T01:35:00+00:00",
      "type": "Feature",
      "geometry": {
        "type": "Point",
        "coordinates": [
          -121.62,
          37.83
        ]
      },
      "properties": {
        "@id": "https://api.weather.gov/stations/KC83/observations/2026-03-23T01:35:00+00:00",
        "@type": "wx:ObservationStation",
        "elevation": {
          "unitCode": "wmoUnit:m",
          "value": 16
        },
        "station": "https://api.weather.gov/stations/KC83",
        "stationId": "KC83",
        "stationName": "Byron",
        "timestamp": "2026-03-23T01:35:00+00:00",
        "rawMessage": "",
        "textDescription": "",
        "icon": null,
        "presentWeather": [],
        "temperature": {
          "unitCode": "wmoUnit:degC",
          "value": 25,
          "qualityControl": "V"
        },
        "dewpoint": {
          "unitCode": "wmoUnit:degC",
          "value": 14,
          "qualityControl": "V"
        },
        "windDirection": {
          "unitCode": "wmoUnit:degree_(angle)",
          "value": 0,
          "qualityControl": "V"
        },
        "windSpeed": {
          "unitCode": "wmoUnit:km_h-1",
          "value": 0,
          "qualityControl": "V"
        },
        "windGust": {
          "unitCode": "wmoUnit:km_h-1",
          "value": null,
          "qualityControl": "Z"
        },
        "barometricPressure": {
          "unitCode": "wmoUnit:Pa",
          "value": 101253.02,
          "qualityControl": "V"
        },
        "seaLevelPressure": {
          "unitCode": "wmoUnit:Pa",
          "value": null,
          "qualityControl": "Z"
        },
        "visibility": {
          "unitCode": "wmoUnit:m",
          "value": 16093.44,
          "qualityControl": "C"
        },
        "maxTemperatureLast24Hours": {
          "unitCode": "wmoUnit:degC",
          "value": null
        },
        "minTemperatureLast24Hours": {
          "unitCode": "wmoUnit:degC",
          "value": null
        },
        "precipitationLastHour": {
          "unitCode": "wmoUnit:mm",
          "value": null,
          "qualityControl": "Z"
        },
        "precipitationLast3Hours": {
          "unitCode": "wmoUnit:mm",
          "value": null,
          "qualityControl": "Z"
        },
        "precipitationLast6Hours": {
          "unitCode": "wmoUnit:mm",
          "value": null,
          "qualityControl": "Z"
        },
        "relativeHumidity": {
          "unitCode": "wmoUnit:percent",
          "value": 50.463975577095,
          "qualityControl": "V"
        },
        "windChill": {
          "unitCode": "wmoUnit:degC",
          "value": null,
          "qualityControl": "V"
        },
        "heatIndex": {
          "unitCode": "wmoUnit:degC",
          "value": 24.873226028957223,
          "qualityControl": "V"
        },
        "cloudLayers": []
      }
    },
    null,
    {
      "id": "https://api.weather.gov/stations/KCMA/observations/2026-03-23T03:00:00+00:00",
      "type": "Feature",
      "geometry": {
        "type": "Point",
        "coordinates": [
          -119.08,
          34.22
        ]
      },
      "properties": {
        "@id": "https://api.weather.gov/stations/KCMA/observations/2026-03-23T03:00:00+00:00",
        "@type": "wx:ObservationStation",
        "elevation": {
          "unitCode": "wmoUnit:m",
          "value": 23
        },
        "station": "https://api.weather.gov/stations/KCMA",
        "stationId": "KCMA",
        "stationName": "Camarillo, Camarillo Airport",
        "timestamp": "2026-03-23T03:00:00+00:00",
        "rawMessage": "",
        "textDescription": "Clear",
        "icon": "https://api.weather.gov/icons/land/night/skc?size=medium",
        "presentWeather": [],
        "temperature": {
          "unitCode": "wmoUnit:degC",
          "value": 17,
          "qualityControl": "V"
        },
        "dewpoint": {
          "unitCode": "wmoUnit:degC",
          "value": 14,
          "qualityControl": "V"
        },
        "windDirection": {
          "unitCode": "wmoUnit:degree_(angle)",
          "value": 240,
          "qualityControl": "V"
        },
        "windSpeed": {
          "unitCode": "wmoUnit:km_h-1",
          "value": 5.544,
          "qualityControl": "V"
        },
        "windGust": {
          "unitCode": "wmoUnit:km_h-1",
          "value": null,
          "qualityControl": "Z"
        },
        "barometricPressure": {
          "unitCode": "wmoUnit:Pa",
          "value": 101151.43,
          "qualityControl": "V"
        },
        "seaLevelPressure": {
          "unitCode": "wmoUnit:Pa",
          "value": null,
          "qualityControl": "Z"
        },
        "visibility": {
          "unitCode": "wmoUnit:m",
          "value": 14484.1,
          "qualityControl": "C"
        },
        "maxTemperatureLast24Hours": {
          "unitCode": "wmoUnit:degC",
          "value": null
        },
        "minTemperatureLast24Hours": {
          "unitCode": "wmoUnit:degC",
          "value": null
        },
        "precipitationLast3Hours": {
          "unitCode": "wmoUnit:mm",
          "value": null,
          "qualityControl": "Z"
        },
        "relativeHumidity": {
          "unitCode": "wmoUnit:percent",
          "value": 82.509292694902,
          "qualityControl": "V"
        },
        "windChill": {
          "unitCode": "wmoUnit:degC",
          "value": null,
          "qualityControl": "V"
        },
        "heatIndex": {
          "unitCode": "wmoUnit:degC",
          "value": null,
          "qualityControl": "V"
        },
        "cloudLayers": [
          {
            "base": {
              "unitCode": "wmoUnit:m",
              "value": 3810
            },
            "amount": "CLR"
          }
        ]
      }
    },
    null,
    {
      "id": "https://api.weather.gov/stations/KNFG/observations/2026-03-23T02:52:00+00:00",
      "type": "Feature",
      "geometry": {
        "type": "Point",
        "coordinates": [
          -117.35,
          33.29
        ]
      },
      "properties": {
        "@id": "https://api.weather.gov/stations/KNFG/observations/2026-03-23T02:52:00+00:00",
        "@type": "wx:ObservationStation",
        "elevation": {
          "unitCode": "wmoUnit:m",
          "value": 24
        },
        "station": "https://api.weather.gov/stations/KNFG",
        "stationId": "KNFG",
        "stationName": "Oceanside, Camp Pendleton, Marine Corps Air Station",
        "timestamp": "2026-03-23T02:52:00+00:00",
        "rawMessage": "KNFG 230252Z AUTO 00000KT 10SM CLR 15/13 A2988 RMK AO2 SLP117 T01500133 51004",
        "textDescription": "Clear",
        "icon": "https://api.weather.gov/icons/land/night/skc?size=medium",
        "presentWeather": [],
        "temperature": {
          "unitCode": "wmoUnit:degC",
          "value": 15,
          "qualityControl": "V"
        },
        "dewpoint": {
          "unitCode": "wmoUnit:degC",
          "value": 13.3,
          "qualityControl": "V"
        },
        "windDirection": {
          "unitCode": "wmoUnit:degree_(angle)",
          "value": 0,
          "qualityControl": "V"
        },
        "windSpeed": {
          "unitCode": "wmoUnit:km_h-1",
          "value": 0,
          "qualityControl": "V"
        },
        "windGust": {
          "unitCode": "wmoUnit:km_h-1",
          "value": null,
          "qualityControl": "Z"
        },
        "barometricPressure": {
          "unitCode": "wmoUnit:Pa",
          "value": 101190,
          "qualityControl": "V"
        },
        "seaLevelPressure": {
          "unitCode": "wmoUnit:Pa",
          "value": 101170,
          "qualityControl": "V"
        },
        "visibility": {
          "unitCode": "wmoUnit:m",
          "value": 16090,
          "qualityControl": "C"
        },
        "maxTemperatureLast24Hours": {
          "unitCode": "wmoUnit:degC",
          "value": null
        },
        "minTemperatureLast24Hours": {
          "unitCode": "wmoUnit:degC",
          "value": null
        },
        "precipitationLastHour": {
          "unitCode": "wmoUnit:mm",
          "value": null,
          "qualityControl": "Z"
        },
        "precipitationLast3Hours": {
          "unitCode": "wmoUnit:mm",
          "value": null,
          "qualityControl": "Z"
        },
        "precipitationLast6Hours": {
          "unitCode": "wmoUnit:mm",
          "value": null,
          "qualityControl": "Z"
        },
        "relativeHumidity": {
          "unitCode": "wmoUnit:percent",
          "value": 89.575248781927,
          "qualityControl": "V"
        },
        "windChill": {
          "unitCode": "wmoUnit:degC",
          "value": null,
          "qualityControl": "V"
        },
        "heatIndex": {
          "unitCode": "wmoUnit:degC",
          "value": null,
          "qualityControl": "V"
        },
        "cloudLayers": [
          {
            "base": {
              "unitCode": "wmoUnit:m",
              "value": null
            },
            "amount": "CLR"
          }
        ]
      }
    },
    {
      "id": "https://api.weather.gov/stations/KCRQ/observations/2026-03-23T03:05:00+00:00",
      "type": "Feature",
      "geometry": {
        "type": "Point",
        "coordinates": [
          -117.28,
          33.13
        ]
      },
      "properties": {
        "@id": "https://api.weather.gov/stations/KCRQ/observations/2026-03-23T03:05:00+00:00",
        "@type": "wx:ObservationStation",
        "elevation": {
          "unitCode": "wmoUnit:m",
          "value": 100
        },
        "station": "https://api.weather.gov/stations/KCRQ",
        "stationId": "KCRQ",
        "stationName": "Carlsbad, McClellan-Palomar Airport",
        "timestamp": "2026-03-23T03:05:00+00:00",
        "rawMessage": "",
        "textDescription": "Clear",
        "icon": "https://api.weather.gov/icons/land/night/skc?size=medium",
        "presentWeather": [],
        "temperature": {
          "unitCode": "wmoUnit:degC",
          "value": 17,
          "qualityControl": "V"
        },
        "dewpoint": {
          "unitCode": "wmoUnit:degC",
          "value": 14,
          "qualityControl": "V"
        },
        "windDirection": {
          "unitCode": "wmoUnit:degree_(angle)",
          "value": 170,
          "qualityControl": "V"
        },
        "windSpeed": {
          "unitCode": "wmoUnit:km_h-1",
          "value": 5.544,
          "qualityControl": "V"
        },
        "windGust": {
          "unitCode": "wmoUnit:km_h-1",
          "value": null,
          "qualityControl": "Z"
        },
        "barometricPressure": {
          "unitCode": "wmoUnit:Pa",
          "value": 101151.43,
          "qualityControl": "V"
        },
        "seaLevelPressure": {
          "unitCode": "wmoUnit:Pa",
          "value": null,
          "qualityControl": "Z"
        },
        "visibility": {
          "unitCode": "wmoUnit:m",
          "value": 16093.44,
          "qualityControl": "C"
        },
        "maxTemperatureLast24Hours": {
          "unitCode": "wmoUnit:degC",
          "value": null
        },
        "minTemperatureLast24Hours": {
          "unitCode": "wmoUnit:degC",
          "value": null
        },
        "precipitationLast3Hours": {
          "unitCode": "wmoUnit:mm",
          "value": null,
          "qualityControl": "Z"
        },
        "relativeHumidity": {
          "unitCode": "wmoUnit:percent",
          "value": 82.509292694902,
          "qualityControl": "V"
        },
        "windChill": {
          "unitCode": "wmoUnit:degC",
          "value": null,
          "qualityControl": "V"
        },
        "heatIndex": {
          "unitCode": "wmoUnit:degC",
          "value": null,
          "qualityControl": "V"
        },
        "cloudLayers": [
          {
            "base": {
              "unitCode": "wmoUnit:m",
              "value": 3810
            },
            "amount": "CLR"
          }
        ]
      }
    },
    null,
    {
      "id": "https://api.weather.gov/stations/KCIC/observations/2026-03-23T01:52:00+00:00",
      "type": "Feature",
      "geometry": {
        "type": "Point",
        "coordinates": [
          -121.85,
          39.79
        ]
      },
      "properties": {
        "@id": "https://api.weather.gov/stations/KCIC/observations/2026-03-23T01:52:00+00:00",
        "@type": "wx:ObservationStation",
        "elevation": {
          "unitCode": "wmoUnit:m",
          "value": 73
        },
        "station": "https://api.weather.gov/stations/KCIC",
        "stationId": "KCIC",
        "stationName": "Chico Municipal Airport",
        "timestamp": "2026-03-23T01:52:00+00:00",
        "rawMessage": "",
        "textDescription": "",
        "icon": null,
        "presentWeather": [],
        "temperature": {
          "unitCode": "wmoUnit:degC",
          "value": 27,
          "qualityControl": "V"
        },
        "dewpoint": {
          "unitCode": "wmoUnit:degC",
          "value": 9,
          "qualityControl": "V"
        },
        "windDirection": {
          "unitCode": "wmoUnit:degree_(angle)",
          "value": 140,
          "qualityControl": "V"
        },
        "windSpeed": {
          "unitCode": "wmoUnit:km_h-1",
          "value": 7.56,
          "qualityControl": "V"
        },
        "windGust": {
          "unitCode": "wmoUnit:km_h-1",
          "value": null,
          "qualityControl": "Z"
        },
        "barometricPressure": {
          "unitCode": "wmoUnit:Pa",
          "value": null,
          "qualityControl": "Z"
        },
        "seaLevelPressure": {
          "unitCode": "wmoUnit:Pa",
          "value": null,
          "qualityControl": "Z"
        },
        "visibility": {
          "unitCode": "wmoUnit:m",
          "value": 16090,
          "qualityControl": "C"
        },
        "maxTemperatureLast24Hours": {
          "unitCode": "wmoUnit:degC",
          "value": null
        },
        "minTemperatureLast24Hours": {
          "unitCode": "wmoUnit:degC",
          "value": null
        },
        "precipitationLastHour": {
          "unitCode": "wmoUnit:mm",
          "value": null,
          "qualityControl": "Z"
        },
        "precipitationLast3Hours": {
          "unitCode": "wmoUnit:mm",
          "value": null,
          "qualityControl": "Z"
        },
        "precipitationLast6Hours": {
          "unitCode": "wmoUnit:mm",
          "value": null,
          "qualityControl": "Z"
        },
        "relativeHumidity": {
          "unitCode": "wmoUnit:percent",
          "value": 32.210601742662,
          "qualityControl": "V"
        },
        "windChill": {
          "unitCode": "wmoUnit:degC",
          "value": null,
          "qualityControl": "V"
        },
        "heatIndex": {
          "unitCode": "wmoUnit:degC",
          "value": 26.596610156613888,
          "qualityControl": "V"
        },
        "cloudLayers": []
      }
    },
    {
      "id": "https://api.weather.gov/stations/KNID/observations/2026-03-23T01:56:00+00:00",
      "type": "Feature",
      "geometry": {
        "type": "Point",
        "coordinates": [
          -117.68,
          35.68
        ]
      },
      "properties": {
        "@id": "https://api.weather.gov/stations/KNID/observations/2026-03-23T01:56:00+00:00",
        "@type": "wx:ObservationStation",
        "elevation": {
          "unitCode": "wmoUnit:m",
          "value": 696
        },
        "station": "https://api.weather.gov/stations/KNID",
        "stationId": "KNID",
        "stationName": "China Lake, Naval Air Facility",
        "timestamp": "2026-03-23T01:56:00+00:00",
        "rawMessage": "",
        "textDescription": "",
        "icon": null,
        "presentWeather": [],
        "temperature": {
          "unitCode": "wmoUnit:degC",
          "value": 29.4,
          "qualityControl": "V"
        },
        "dewpoint": {
          "unitCode": "wmoUnit:degC",
          "value": -0.6,
          "qualityControl": "V"
        },
        "windDirection": {
          "unitCode": "wmoUnit:degree_(angle)",
          "value": 200,
          "qualityControl": "V"
        },
        "windSpeed": {
          "unitCode": "wmoUnit:km_h-1",
          "value": 11.16,
          "qualityControl": "V"
        },
        "windGust": {
          "unitCode": "wmoUnit:km_h-1",
          "value": null,
          "qualityControl": "Z"
        },
        "barometricPressure": {
          "unitCode": "wmoUnit:Pa",
          "value": null,
          "qualityControl": "Z"
        },
        "seaLevelPressure": {
          "unitCode": "wmoUnit:Pa",
          "value": 100950,
          "qualityControl": "V"
        },
        "visibility": {
          "unitCode": "wmoUnit:m",
          "value": 16090,
          "qualityControl": "C"
        },
        "maxTemperatureLast24Hours": {
          "unitCode": "wmoUnit:degC",
          "value": null
        },
        "minTemperatureLast24Hours": {
          "unitCode": "wmoUnit:degC",
          "value": null
        },
        "precipitationLastHour": {
          "unitCode": "wmoUnit:mm",
          "value": null,
          "qualityControl": "Z"
        },
        "precipitationLast3Hours": {
          "unitCode": "wmoUnit:mm",
          "value": null,
          "qualityControl": "Z"
        },
        "precipitationLast6Hours": {
          "unitCode": "wmoUnit:mm",
          "value": null,
          "qualityControl": "Z"
        },
        "relativeHumidity": {
          "unitCode": "wmoUnit:percent",
          "value": 14.290182013142,
          "qualityControl": "V"
        },
        "windChill": {
          "unitCode": "wmoUnit:degC",
          "value": null,
          "qualityControl": "V"
        },
        "heatIndex": {
          "unitCode": "wmoUnit:degC",
          "value": 27.67015112377222,
          "qualityControl": "V"
        },
        "cloudLayers": []
      }
    },
    {
      "id": "https://api.weather.gov/stations/KCNO/observations/2026-03-23T02:50:00+00:00",
      "type": "Feature",
      "geometry": {
        "type": "Point",
        "coordinates": [
          -117.63,
          33.97
        ]
      },
      "properties": {
        "@id": "https://api.weather.gov/stations/KCNO/observations/2026-03-23T02:50:00+00:00",
        "@type": "wx:ObservationStation",
        "elevation": {
          "unitCode": "wmoUnit:m",
          "value": 198
        },
        "station": "https://api.weather.gov/stations/KCNO",
        "stationId": "KCNO",
        "stationName": "Chino, Chino Airport",
        "timestamp": "2026-03-23T02:50:00+00:00",
        "rawMessage": "",
        "textDescription": "Clear",
        "icon": "https://api.weather.gov/icons/land/night/skc?size=medium",
        "presentWeather": [],
        "temperature": {
          "unitCode": "wmoUnit:degC",
          "value": 20,
          "qualityControl": "V"
        },
        "dewpoint": {
          "unitCode": "wmoUnit:degC",
          "value": 13,
          "qualityControl": "V"
        },
        "windDirection": {
          "unitCode": "wmoUnit:degree_(angle)",
          "value": 270,
          "qualityControl": "V"
        },
        "windSpeed": {
          "unitCode": "wmoUnit:km_h-1",
          "value": 9.252,
          "qualityControl": "V"
        },
        "windGust": {
          "unitCode": "wmoUnit:km_h-1",
          "value": null,
          "qualityControl": "Z"
        },
        "barometricPressure": {
          "unitCode": "wmoUnit:Pa",
          "value": 101185.29,
          "qualityControl": "V"
        },
        "seaLevelPressure": {
          "unitCode": "wmoUnit:Pa",
          "value": null,
          "qualityControl": "Z"
        },
        "visibility": {
          "unitCode": "wmoUnit:m",
          "value": 16093.44,
          "qualityControl": "C"
        },
        "maxTemperatureLast24Hours": {
          "unitCode": "wmoUnit:degC",
          "value": null
        },
        "minTemperatureLast24Hours": {
          "unitCode": "wmoUnit:degC",
          "value": null
        },
        "precipitationLast3Hours": {
          "unitCode": "wmoUnit:mm",
          "value": null,
          "qualityControl": "Z"
        },
        "relativeHumidity": {
          "unitCode": "wmoUnit:percent",
          "value": 64.068288820119,
          "qualityControl": "V"
        },
        "windChill": {
          "unitCode": "wmoUnit:degC",
          "value": null,
          "qualityControl": "V"
        },
        "heatIndex": {
          "unitCode": "wmoUnit:degC",
          "value": null,
          "qualityControl": "V"
        },
        "cloudLayers": [
          {
            "base": {
              "unitCode": "wmoUnit:m",
              "value": 3810
            },
            "amount": "CLR"
          }
        ]
      }
    },
    null,
    {
      "id": "https://api.weather.gov/stations/KCCR/observations/2026-03-23T03:00:00+00:00",
      "type": "Feature",
      "geometry": {
        "type": "Point",
        "coordinates": [
          -122.05,
          37.98
        ]
      },
      "properties": {
        "@id": "https://api.weather.gov/stations/KCCR/observations/2026-03-23T03:00:00+00:00",
        "@type": "wx:ObservationStation",
        "elevation": {
          "unitCode": "wmoUnit:m",
          "value": 7
        },
        "station": "https://api.weather.gov/stations/KCCR",
        "stationId": "KCCR",
        "stationName": "Concord, Buchanan Field",
        "timestamp": "2026-03-23T03:00:00+00:00",
        "rawMessage": "",
        "textDescription": "Clear",
        "icon": "https://api.weather.gov/icons/land/night/skc?size=medium",
        "presentWeather": [],
        "temperature": {
          "unitCode": "wmoUnit:degC",
          "value": 21,
          "qualityControl": "V"
        },
        "dewpoint": {
          "unitCode": "wmoUnit:degC",
          "value": 7,
          "qualityControl": "V"
        },
        "windDirection": {
          "unitCode": "wmoUnit:degree_(angle)",
          "value": 240,
          "qualityControl": "V"
        },
        "windSpeed": {
          "unitCode": "wmoUnit:km_h-1",
          "value": 11.124,
          "qualityControl": "V"
        },
        "windGust": {
          "unitCode": "wmoUnit:km_h-1",
          "value": null,
          "qualityControl": "Z"
        },
        "barometricPressure": {
          "unitCode": "wmoUnit:Pa",
          "value": 101354.61,
          "qualityControl": "V"
        },
        "seaLevelPressure": {
          "unitCode": "wmoUnit:Pa",
          "value": null,
          "qualityControl": "Z"
        },
        "visibility": {
          "unitCode": "wmoUnit:m",
          "value": 16093.44,
          "qualityControl": "C"
        },
        "maxTemperatureLast24Hours": {
          "unitCode": "wmoUnit:degC",
          "value": null
        },
        "minTemperatureLast24Hours": {
          "unitCode": "wmoUnit:degC",
          "value": null
        },
        "precipitationLast3Hours": {
          "unitCode": "wmoUnit:mm",
          "value": null,
          "qualityControl": "Z"
        },
        "relativeHumidity": {
          "unitCode": "wmoUnit:percent",
          "value": 40.318684332822,
          "qualityControl": "V"
        },
        "windChill": {
          "unitCode": "wmoUnit:degC",
          "value": null,
          "qualityControl": "V"
        },
        "heatIndex": {
          "unitCode": "wmoUnit:degC",
          "value": null,
          "qualityControl": "V"
        },
        "cloudLayers": [
          {
            "base": {
              "unitCode": "wmoUnit:m",
              "value": 3810
            },
            "amount": "CLR"
          }
        ]
      }
    },
    {
      "id": "https://api.weather.gov/stations/KAJO/observations/2026-03-23T03:05:00+00:00",
      "type": "Feature",
      "geometry": {
        "type": "Point",
        "coordinates": [
          -117.6,
          33.9
        ]
      },
      "properties": {
        "@id": "https://api.weather.gov/stations/KAJO/observations/2026-03-23T03:05:00+00:00",
        "@type": "wx:ObservationStation",
        "elevation": {
          "unitCode": "wmoUnit:m",
          "value": 163
        },
        "station": "https://api.weather.gov/stations/KAJO",
        "stationId": "KAJO",
        "stationName": "Corona Airport",
        "timestamp": "2026-03-23T03:05:00+00:00",
        "rawMessage": "",
        "textDescription": "Clear",
        "icon": "https://api.weather.gov/icons/land/night/skc?size=medium",
        "presentWeather": [],
        "temperature": {
          "unitCode": "wmoUnit:degC",
          "value": 21,
          "qualityControl": "V"
        },
        "dewpoint": {
          "unitCode": "wmoUnit:degC",
          "value": 14,
          "qualityControl": "V"
        },
        "windDirection": {
          "unitCode": "wmoUnit:degree_(angle)",
          "value": 280,
          "qualityControl": "V"
        },
        "windSpeed": {
          "unitCode": "wmoUnit:km_h-1",
          "value": 12.96,
          "qualityControl": "V"
        },
        "windGust": {
          "unitCode": "wmoUnit:km_h-1",
          "value": null,
          "qualityControl": "Z"
        },
        "barometricPressure": {
          "unitCode": "wmoUnit:Pa",
          "value": 101185.29,
          "qualityControl": "V"
        },
        "seaLevelPressure": {
          "unitCode": "wmoUnit:Pa",
          "value": null,
          "qualityControl": "Z"
        },
        "visibility": {
          "unitCode": "wmoUnit:m",
          "value": 16093.44,
          "qualityControl": "C"
        },
        "maxTemperatureLast24Hours": {
          "unitCode": "wmoUnit:degC",
          "value": null
        },
        "minTemperatureLast24Hours": {
          "unitCode": "wmoUnit:degC",
          "value": null
        },
        "precipitationLast3Hours": {
          "unitCode": "wmoUnit:mm",
          "value": null,
          "qualityControl": "Z"
        },
        "relativeHumidity": {
          "unitCode": "wmoUnit:percent",
          "value": 64.287246008636,
          "qualityControl": "V"
        },
        "windChill": {
          "unitCode": "wmoUnit:degC",
          "value": null,
          "qualityControl": "V"
        },
        "heatIndex": {
          "unitCode": "wmoUnit:degC",
          "value": null,
          "qualityControl": "V"
        },
        "cloudLayers": [
          {
            "base": {
              "unitCode": "wmoUnit:m",
              "value": 3810
            },
            "amount": "CLR"
          }
        ]
      }
    },
    {
      "id": "https://api.weather.gov/stations/KSNA/observations/2026-03-23T03:05:00+00:00",
      "type": "Feature",
      "geometry": {
        "type": "Point",
        "coordinates": [
          -117.87,
          33.68
        ]
      },
      "properties": {
        "@id": "https://api.weather.gov/stations/KSNA/observations/2026-03-23T03:05:00+00:00",
        "@type": "wx:ObservationStation",
        "elevation": {
          "unitCode": "wmoUnit:m",
          "value": 16
        },
        "station": "https://api.weather.gov/stations/KSNA",
        "stationId": "KSNA",
        "stationName": "John Wayne-Orange County Airport",
        "timestamp": "2026-03-23T03:05:00+00:00",
        "rawMessage": "",
        "textDescription": "Clear",
        "icon": "https://api.weather.gov/icons/land/night/skc?size=medium",
        "presentWeather": [],
        "temperature": {
          "unitCode": "wmoUnit:degC",
          "value": 17,
          "qualityControl": "V"
        },
        "dewpoint": {
          "unitCode": "wmoUnit:degC",
          "value": 14,
          "qualityControl": "V"
        },
        "windDirection": {
          "unitCode": "wmoUnit:degree_(angle)",
          "value": 220,
          "qualityControl": "V"
        },
        "windSpeed": {
          "unitCode": "wmoUnit:km_h-1",
          "value": 7.416,
          "qualityControl": "V"
        },
        "windGust": {
          "unitCode": "wmoUnit:km_h-1",
          "value": null,
          "qualityControl": "Z"
        },
        "barometricPressure": {
          "unitCode": "wmoUnit:Pa",
          "value": 101185.29,
          "qualityControl": "V"
        },
        "seaLevelPressure": {
          "unitCode": "wmoUnit:Pa",
          "value": null,
          "qualityControl": "Z"
        },
        "visibility": {
          "unitCode": "wmoUnit:m",
          "value": 16093.44,
          "qualityControl": "C"
        },
        "maxTemperatureLast24Hours": {
          "unitCode": "wmoUnit:degC",
          "value": null
        },
        "minTemperatureLast24Hours": {
          "unitCode": "wmoUnit:degC",
          "value": null
        },
        "precipitationLast3Hours": {
          "unitCode": "wmoUnit:mm",
          "value": null,
          "qualityControl": "Z"
        },
        "relativeHumidity": {
          "unitCode": "wmoUnit:percent",
          "value": 82.509292694902,
          "qualityControl": "V"
        },
        "windChill": {
          "unitCode": "wmoUnit:degC",
          "value": null,
          "qualityControl": "V"
        },
        "heatIndex": {
          "unitCode": "wmoUnit:degC",
          "value": null,
          "qualityControl": "V"
        },
        "cloudLayers": [
          {
            "base": {
              "unitCode": "wmoUnit:m",
              "value": 3810
            },
            "amount": "CLR"
          }
        ]
      }
    },
    {
      "id": "https://api.weather.gov/stations/KCEC/observations/2026-03-23T03:00:00+00:00",
      "type": "Feature",
      "geometry": {
        "type": "Point",
        "coordinates": [
          -124.23,
          41.78
        ]
      },
      "properties": {
        "@id": "https://api.weather.gov/stations/KCEC/observations/2026-03-23T03:00:00+00:00",
        "@type": "wx:ObservationStation",
        "elevation": {
          "unitCode": "wmoUnit:m",
          "value": 17
        },
        "station": "https://api.weather.gov/stations/KCEC",
        "stationId": "KCEC",
        "stationName": "Crescent City, Jack McNamara Field Airport",
        "timestamp": "2026-03-23T03:00:00+00:00",
        "rawMessage": "",
        "textDescription": "Fog/Mist",
        "icon": "https://api.weather.gov/icons/land/night/fog?size=medium",
        "presentWeather": [
          {
            "intensity": null,
            "modifier": null,
            "weather": "fog_mist",
            "rawString": "BR"
          }
        ],
        "temperature": {
          "unitCode": "wmoUnit:degC",
          "value": 9,
          "qualityControl": "V"
        },
        "dewpoint": {
          "unitCode": "wmoUnit:degC",
          "value": 7,
          "qualityControl": "V"
        },
        "windDirection": {
          "unitCode": "wmoUnit:degree_(angle)",
          "value": 280,
          "qualityControl": "V"
        },
        "windSpeed": {
          "unitCode": "wmoUnit:km_h-1",
          "value": 7.416,
          "qualityControl": "V"
        },
        "windGust": {
          "unitCode": "wmoUnit:km_h-1",
          "value": null,
          "qualityControl": "Z"
        },
        "barometricPressure": {
          "unitCode": "wmoUnit:Pa",
          "value": 101794.84,
          "qualityControl": "V"
        },
        "seaLevelPressure": {
          "unitCode": "wmoUnit:Pa",
          "value": null,
          "qualityControl": "Z"
        },
        "visibility": {
          "unitCode": "wmoUnit:m",
          "value": 9656.06,
          "qualityControl": "C"
        },
        "maxTemperatureLast24Hours": {
          "unitCode": "wmoUnit:degC",
          "value": null
        },
        "minTemperatureLast24Hours": {
          "unitCode": "wmoUnit:degC",
          "value": null
        },
        "precipitationLast3Hours": {
          "unitCode": "wmoUnit:mm",
          "value": null,
          "qualityControl": "Z"
        },
        "relativeHumidity": {
          "unitCode": "wmoUnit:percent",
          "value": 87.289209441366,
          "qualityControl": "V"
        },
        "windChill": {
          "unitCode": "wmoUnit:degC",
          "value": 7.976667160708889,
          "qualityControl": "V"
        },
        "heatIndex": {
          "unitCode": "wmoUnit:degC",
          "value": null,
          "qualityControl": "V"
        },
        "cloudLayers": [
          {
            "base": {
              "unitCode": "wmoUnit:m",
              "value": 3810
            },
            "amount": "CLR"
          }
        ]
      }
    },
    {
      "id": "https://api.weather.gov/stations/KDAG/observations/2026-03-23T02:50:00+00:00",
      "type": "Feature",
      "geometry": {
        "type": "Point",
        "coordinates": [
          -116.78,
          34.85
        ]
      },
      "properties": {
        "@id": "https://api.weather.gov/stations/KDAG/observations/2026-03-23T02:50:00+00:00",
        "@type": "wx:ObservationStation",
        "elevation": {
          "unitCode": "wmoUnit:m",
          "value": 587
        },
        "station": "https://api.weather.gov/stations/KDAG",
        "stationId": "KDAG",
        "stationName": "Daggett, Barstow-Daggett Airport",
        "timestamp": "2026-03-23T02:50:00+00:00",
        "rawMessage": "KDAG 230250Z AUTO 20005KT 10SM CLR 27/00 A2984 RMK AO2 SLP082 T02720000 55002",
        "textDescription": "Clear",
        "icon": "https://api.weather.gov/icons/land/night/skc?size=medium",
        "presentWeather": [],
        "temperature": {
          "unitCode": "wmoUnit:degC",
          "value": 27.2,
          "qualityControl": "V"
        },
        "dewpoint": {
          "unitCode": "wmoUnit:degC",
          "value": 0,
          "qualityControl": "V"
        },
        "windDirection": {
          "unitCode": "wmoUnit:degree_(angle)",
          "value": 200,
          "qualityControl": "V"
        },
        "windSpeed": {
          "unitCode": "wmoUnit:km_h-1",
          "value": 9.36,
          "qualityControl": "V"
        },
        "windGust": {
          "unitCode": "wmoUnit:km_h-1",
          "value": null,
          "qualityControl": "Z"
        },
        "barometricPressure": {
          "unitCode": "wmoUnit:Pa",
          "value": 101050,
          "qualityControl": "V"
        },
        "seaLevelPressure": {
          "unitCode": "wmoUnit:Pa",
          "value": 100820,
          "qualityControl": "V"
        },
        "visibility": {
          "unitCode": "wmoUnit:m",
          "value": 16090,
          "qualityControl": "C"
        },
        "maxTemperatureLast24Hours": {
          "unitCode": "wmoUnit:degC",
          "value": null
        },
        "minTemperatureLast24Hours": {
          "unitCode": "wmoUnit:degC",
          "value": null
        },
        "precipitationLastHour": {
          "unitCode": "wmoUnit:mm",
          "value": null,
          "qualityControl": "Z"
        },
        "precipitationLast3Hours": {
          "unitCode": "wmoUnit:mm",
          "value": null,
          "qualityControl": "Z"
        },
        "precipitationLast6Hours": {
          "unitCode": "wmoUnit:mm",
          "value": null,
          "qualityControl": "Z"
        },
        "relativeHumidity": {
          "unitCode": "wmoUnit:percent",
          "value": 16.96566338076,
          "qualityControl": "V"
        },
        "windChill": {
          "unitCode": "wmoUnit:degC",
          "value": null,
          "qualityControl": "V"
        },
        "heatIndex": {
          "unitCode": "wmoUnit:degC",
          "value": 26.418547877164446,
          "qualityControl": "V"
        },
        "cloudLayers": [
          {
            "base": {
              "unitCode": "wmoUnit:m",
              "value": null
            },
            "amount": "CLR"
          }
        ]
      }
    },
    {
      "id": "https://api.weather.gov/stations/KDWA/observations/2026-03-23T01:35:00+00:00",
      "type": "Feature",
      "geometry": {
        "type": "Point",
        "coordinates": [
          -121.85,
          38.58
        ]
      },
      "properties": {
        "@id": "https://api.weather.gov/stations/KDWA/observations/2026-03-23T01:35:00+00:00",
        "@type": "wx:ObservationStation",
        "elevation": {
          "unitCode": "wmoUnit:m",
          "value": 28
        },
        "station": "https://api.weather.gov/stations/KDWA",
        "stationId": "KDWA",
        "stationName": "Yolo County Airport",
        "timestamp": "2026-03-23T01:35:00+00:00",
        "rawMessage": "",
        "textDescription": "",
        "icon": null,
        "presentWeather": [],
        "temperature": {
          "unitCode": "wmoUnit:degC",
          "value": 24,
          "qualityControl": "V"
        },
        "dewpoint": {
          "unitCode": "wmoUnit:degC",
          "value": 15,
          "qualityControl": "V"
        },
        "windDirection": {
          "unitCode": "wmoUnit:degree_(angle)",
          "value": 0,
          "qualityControl": "V"
        },
        "windSpeed": {
          "unitCode": "wmoUnit:km_h-1",
          "value": 0,
          "qualityControl": "V"
        },
        "windGust": {
          "unitCode": "wmoUnit:km_h-1",
          "value": null,
          "qualityControl": "Z"
        },
        "barometricPressure": {
          "unitCode": "wmoUnit:Pa",
          "value": 101253.02,
          "qualityControl": "V"
        },
        "seaLevelPressure": {
          "unitCode": "wmoUnit:Pa",
          "value": null,
          "qualityControl": "Z"
        },
        "visibility": {
          "unitCode": "wmoUnit:m",
          "value": 11265.41,
          "qualityControl": "C"
        },
        "maxTemperatureLast24Hours": {
          "unitCode": "wmoUnit:degC",
          "value": null
        },
        "minTemperatureLast24Hours": {
          "unitCode": "wmoUnit:degC",
          "value": null
        },
        "precipitationLastHour": {
          "unitCode": "wmoUnit:mm",
          "value": null,
          "qualityControl": "Z"
        },
        "precipitationLast3Hours": {
          "unitCode": "wmoUnit:mm",
          "value": null,
          "qualityControl": "Z"
        },
        "precipitationLast6Hours": {
          "unitCode": "wmoUnit:mm",
          "value": null,
          "qualityControl": "Z"
        },
        "relativeHumidity": {
          "unitCode": "wmoUnit:percent",
          "value": 57.150508542239,
          "qualityControl": "V"
        },
        "windChill": {
          "unitCode": "wmoUnit:degC",
          "value": null,
          "qualityControl": "V"
        },
        "heatIndex": {
          "unitCode": "wmoUnit:degC",
          "value": 23.947818834158333,
          "qualityControl": "V"
        },
        "cloudLayers": []
      }
    },
    {
      "id": "https://api.weather.gov/stations/KEDU/observations/2026-03-22T16:45:00+00:00",
      "type": "Feature",
      "geometry": {
        "type": "Point",
        "coordinates": [
          -121.79,
          38.53
        ]
      },
      "properties": {
        "@id": "https://api.weather.gov/stations/KEDU/observations/2026-03-22T16:45:00+00:00",
        "@type": "wx:ObservationStation",
        "elevation": {
          "unitCode": "wmoUnit:m",
          "value": 21
        },
        "station": "https://api.weather.gov/stations/KEDU",
        "stationId": "KEDU",
        "stationName": "University Airport",
        "timestamp": "2026-03-22T16:45:00+00:00",
        "rawMessage": "KEDU 221645Z AUTO 36008KT 10SM CLR 22/05 A2998 RMK AO1",
        "textDescription": "Clear",
        "icon": "https://api.weather.gov/icons/land/day/skc?size=medium",
        "presentWeather": [],
        "temperature": {
          "unitCode": "wmoUnit:degC",
          "value": 22,
          "qualityControl": "V"
        },
        "dewpoint": {
          "unitCode": "wmoUnit:degC",
          "value": 5,
          "qualityControl": "V"
        },
        "windDirection": {
          "unitCode": "wmoUnit:degree_(angle)",
          "value": 360,
          "qualityControl": "V"
        },
        "windSpeed": {
          "unitCode": "wmoUnit:km_h-1",
          "value": 14.76,
          "qualityControl": "V"
        },
        "windGust": {
          "unitCode": "wmoUnit:km_h-1",
          "value": null,
          "qualityControl": "Z"
        },
        "barometricPressure": {
          "unitCode": "wmoUnit:Pa",
          "value": 101520,
          "qualityControl": "V"
        },
        "seaLevelPressure": {
          "unitCode": "wmoUnit:Pa",
          "value": null,
          "qualityControl": "Z"
        },
        "visibility": {
          "unitCode": "wmoUnit:m",
          "value": 16090,
          "qualityControl": "C"
        },
        "maxTemperatureLast24Hours": {
          "unitCode": "wmoUnit:degC",
          "value": null
        },
        "minTemperatureLast24Hours": {
          "unitCode": "wmoUnit:degC",
          "value": null
        },
        "precipitationLastHour": {
          "unitCode": "wmoUnit:mm",
          "value": null,
          "qualityControl": "Z"
        },
        "precipitationLast3Hours": {
          "unitCode": "wmoUnit:mm",
          "value": null,
          "qualityControl": "Z"
        },
        "precipitationLast6Hours": {
          "unitCode": "wmoUnit:mm",
          "value": null,
          "qualityControl": "Z"
        },
        "relativeHumidity": {
          "unitCode": "wmoUnit:percent",
          "value": 33.031739585033,
          "qualityControl": "V"
        },
        "windChill": {
          "unitCode": "wmoUnit:degC",
          "value": null,
          "qualityControl": "V"
        },
        "heatIndex": {
          "unitCode": "wmoUnit:degC",
          "value": 21.11805097805389,
          "qualityControl": "V"
        },
        "cloudLayers": [
          {
            "base": {
              "unitCode": "wmoUnit:m",
              "value": null
            },
            "amount": "CLR"
          }
        ]
      }
    },
    {
      "id": "https://api.weather.gov/stations/KDLO/observations/2026-03-22T19:55:00+00:00",
      "type": "Feature",
      "geometry": {
        "type": "Point",
        "coordinates": [
          -119.23,
          35.75
        ]
      },
      "properties": {
        "@id": "https://api.weather.gov/stations/KDLO/observations/2026-03-22T19:55:00+00:00",
        "@type": "wx:ObservationStation",
        "elevation": {
          "unitCode": "wmoUnit:m",
          "value": 97
        },
        "station": "https://api.weather.gov/stations/KDLO",
        "stationId": "KDLO",
        "stationName": "Delano Municipal Airport",
        "timestamp": "2026-03-22T19:55:00+00:00",
        "rawMessage": "",
        "textDescription": "Clear",
        "icon": "https://api.weather.gov/icons/land/day/skc?size=medium",
        "presentWeather": [],
        "temperature": {
          "unitCode": "wmoUnit:degC",
          "value": 24.7,
          "qualityControl": "V"
        },
        "dewpoint": {
          "unitCode": "wmoUnit:degC",
          "value": null,
          "qualityControl": "Z"
        },
        "windDirection": {
          "unitCode": "wmoUnit:degree_(angle)",
          "value": 280,
          "qualityControl": "V"
        },
        "windSpeed": {
          "unitCode": "wmoUnit:km_h-1",
          "value": 7.416,
          "qualityControl": "V"
        },
        "windGust": {
          "unitCode": "wmoUnit:km_h-1",
          "value": null,
          "qualityControl": "Z"
        },
        "barometricPressure": {
          "unitCode": "wmoUnit:Pa",
          "value": 101422.34,
          "qualityControl": "V"
        },
        "seaLevelPressure": {
          "unitCode": "wmoUnit:Pa",
          "value": null,
          "qualityControl": "Z"
        },
        "visibility": {
          "unitCode": "wmoUnit:m",
          "value": 16093.44,
          "qualityControl": "C"
        },
        "maxTemperatureLast24Hours": {
          "unitCode": "wmoUnit:degC",
          "value": null
        },
        "minTemperatureLast24Hours": {
          "unitCode": "wmoUnit:degC",
          "value": null
        },
        "precipitationLastHour": {
          "unitCode": "wmoUnit:mm",
          "value": null,
          "qualityControl": "Z"
        },
        "precipitationLast3Hours": {
          "unitCode": "wmoUnit:mm",
          "value": null,
          "qualityControl": "Z"
        },
        "precipitationLast6Hours": {
          "unitCode": "wmoUnit:mm",
          "value": null,
          "qualityControl": "Z"
        },
        "relativeHumidity": {
          "unitCode": "wmoUnit:percent",
          "value": null,
          "qualityControl": "V"
        },
        "windChill": {
          "unitCode": "wmoUnit:degC",
          "value": null,
          "qualityControl": "V"
        },
        "heatIndex": {
          "unitCode": "wmoUnit:degC",
          "value": null,
          "qualityControl": "V"
        },
        "cloudLayers": [
          {
            "base": {
              "unitCode": "wmoUnit:m",
              "value": null
            },
            "amount": "CLR"
          }
        ]
      }
    },
    {
      "id": "https://api.weather.gov/stations/KEDW/observations/2026-03-23T01:55:00+00:00",
      "type": "Feature",
      "geometry": {
        "type": "Point",
        "coordinates": [
          -117.88,
          34.9
        ]
      },
      "properties": {
        "@id": "https://api.weather.gov/stations/KEDW/observations/2026-03-23T01:55:00+00:00",
        "@type": "wx:ObservationStation",
        "elevation": {
          "unitCode": "wmoUnit:m",
          "value": 702
        },
        "station": "https://api.weather.gov/stations/KEDW",
        "stationId": "KEDW",
        "stationName": "Edwards Air Force Base",
        "timestamp": "2026-03-23T01:55:00+00:00",
        "rawMessage": "",
        "textDescription": "",
        "icon": null,
        "presentWeather": [],
        "temperature": {
          "unitCode": "wmoUnit:degC",
          "value": 27.5,
          "qualityControl": "V"
        },
        "dewpoint": {
          "unitCode": "wmoUnit:degC",
          "value": 9.8,
          "qualityControl": "V"
        },
        "windDirection": {
          "unitCode": "wmoUnit:degree_(angle)",
          "value": 280,
          "qualityControl": "V"
        },
        "windSpeed": {
          "unitCode": "wmoUnit:km_h-1",
          "value": 22.32,
          "qualityControl": "V"
        },
        "windGust": {
          "unitCode": "wmoUnit:km_h-1",
          "value": null,
          "qualityControl": "Z"
        },
        "barometricPressure": {
          "unitCode": "wmoUnit:Pa",
          "value": 101050,
          "qualityControl": "V"
        },
        "seaLevelPressure": {
          "unitCode": "wmoUnit:Pa",
          "value": 100870,
          "qualityControl": "V"
        },
        "visibility": {
          "unitCode": "wmoUnit:m",
          "value": 16090,
          "qualityControl": "C"
        },
        "maxTemperatureLast24Hours": {
          "unitCode": "wmoUnit:degC",
          "value": null
        },
        "minTemperatureLast24Hours": {
          "unitCode": "wmoUnit:degC",
          "value": null
        },
        "precipitationLastHour": {
          "unitCode": "wmoUnit:mm",
          "value": null,
          "qualityControl": "Z"
        },
        "precipitationLast3Hours": {
          "unitCode": "wmoUnit:mm",
          "value": null,
          "qualityControl": "Z"
        },
        "precipitationLast6Hours": {
          "unitCode": "wmoUnit:mm",
          "value": null,
          "qualityControl": "Z"
        },
        "relativeHumidity": {
          "unitCode": "wmoUnit:percent",
          "value": 33.008131610047,
          "qualityControl": "V"
        },
        "windChill": {
          "unitCode": "wmoUnit:degC",
          "value": null,
          "qualityControl": "V"
        },
        "heatIndex": {
          "unitCode": "wmoUnit:degC",
          "value": 26.878458765443888,
          "qualityControl": "V"
        },
        "cloudLayers": []
      }
    },
    {
      "id": "https://api.weather.gov/stations/K9L2/observations/2026-03-19T07:55:00+00:00",
      "type": "Feature",
      "geometry": {
        "type": "Point",
        "coordinates": [
          -117.87,
          34.98
        ]
      },
      "properties": {
        "@id": "https://api.weather.gov/stations/K9L2/observations/2026-03-19T07:55:00+00:00",
        "@type": "wx:ObservationStation",
        "elevation": {
          "unitCode": "wmoUnit:m",
          "value": 697
        },
        "station": "https://api.weather.gov/stations/K9L2",
        "stationId": "K9L2",
        "stationName": "Edwards Air Force Auxiliary North Base",
        "timestamp": "2026-03-19T07:55:00+00:00",
        "rawMessage": "",
        "textDescription": "Clear",
        "icon": "https://api.weather.gov/icons/land/night/skc?size=medium",
        "presentWeather": [],
        "temperature": {
          "unitCode": "wmoUnit:degC",
          "value": 15.1,
          "qualityControl": "V"
        },
        "dewpoint": {
          "unitCode": "wmoUnit:degC",
          "value": 7.9,
          "qualityControl": "V"
        },
        "windDirection": {
          "unitCode": "wmoUnit:degree_(angle)",
          "value": 0,
          "qualityControl": "V"
        },
        "windSpeed": {
          "unitCode": "wmoUnit:km_h-1",
          "value": 0,
          "qualityControl": "V"
        },
        "windGust": {
          "unitCode": "wmoUnit:km_h-1",
          "value": null,
          "qualityControl": "Z"
        },
        "barometricPressure": {
          "unitCode": "wmoUnit:Pa",
          "value": 102031.89,
          "qualityControl": "V"
        },
        "seaLevelPressure": {
          "unitCode": "wmoUnit:Pa",
          "value": 101830,
          "qualityControl": "V"
        },
        "visibility": {
          "unitCode": "wmoUnit:m",
          "value": 16093.44,
          "qualityControl": "C"
        },
        "maxTemperatureLast24Hours": {
          "unitCode": "wmoUnit:degC",
          "value": null
        },
        "minTemperatureLast24Hours": {
          "unitCode": "wmoUnit:degC",
          "value": null
        },
        "precipitationLastHour": {
          "unitCode": "wmoUnit:mm",
          "value": null,
          "qualityControl": "Z"
        },
        "precipitationLast3Hours": {
          "unitCode": "wmoUnit:mm",
          "value": null,
          "qualityControl": "Z"
        },
        "precipitationLast6Hours": {
          "unitCode": "wmoUnit:mm",
          "value": null,
          "qualityControl": "Z"
        },
        "relativeHumidity": {
          "unitCode": "wmoUnit:percent",
          "value": 62.119046444483,
          "qualityControl": "V"
        },
        "windChill": {
          "unitCode": "wmoUnit:degC",
          "value": null,
          "qualityControl": "V"
        },
        "heatIndex": {
          "unitCode": "wmoUnit:degC",
          "value": null,
          "qualityControl": "V"
        },
        "cloudLayers": [
          {
            "base": {
              "unitCode": "wmoUnit:m",
              "value": null
            },
            "amount": "CLR"
          }
        ]
      }
    },
    {
      "id": "https://api.weather.gov/stations/KNJK/observations/2026-03-23T02:56:00+00:00",
      "type": "Feature",
      "geometry": {
        "type": "Point",
        "coordinates": [
          -115.68,
          32.82
        ]
      },
      "properties": {
        "@id": "https://api.weather.gov/stations/KNJK/observations/2026-03-23T02:56:00+00:00",
        "@type": "wx:ObservationStation",
        "elevation": {
          "unitCode": "wmoUnit:m",
          "value": 13
        },
        "station": "https://api.weather.gov/stations/KNJK",
        "stationId": "KNJK",
        "stationName": "El Centro, Naval Air Facility",
        "timestamp": "2026-03-23T02:56:00+00:00",
        "rawMessage": "KNJK 230256Z AUTO 25014KT 10SM CLR 32/06 A2973 RMK AO2 SLP084 T03220056 53011 $",
        "textDescription": "Clear",
        "icon": "https://api.weather.gov/icons/land/night/skc?size=medium",
        "presentWeather": [],
        "temperature": {
          "unitCode": "wmoUnit:degC",
          "value": 32.2,
          "qualityControl": "V"
        },
        "dewpoint": {
          "unitCode": "wmoUnit:degC",
          "value": 5.6,
          "qualityControl": "V"
        },
        "windDirection": {
          "unitCode": "wmoUnit:degree_(angle)",
          "value": null,
          "qualityControl": "Z"
        },
        "windSpeed": {
          "unitCode": "wmoUnit:km_h-1",
          "value": null,
          "qualityControl": "Z"
        },
        "windGust": {
          "unitCode": "wmoUnit:km_h-1",
          "value": null,
          "qualityControl": "Z"
        },
        "barometricPressure": {
          "unitCode": "wmoUnit:Pa",
          "value": null,
          "qualityControl": "Z"
        },
        "seaLevelPressure": {
          "unitCode": "wmoUnit:Pa",
          "value": 100840,
          "qualityControl": "V"
        },
        "visibility": {
          "unitCode": "wmoUnit:m",
          "value": 16090,
          "qualityControl": "C"
        },
        "maxTemperatureLast24Hours": {
          "unitCode": "wmoUnit:degC",
          "value": null
        },
        "minTemperatureLast24Hours": {
          "unitCode": "wmoUnit:degC",
          "value": null
        },
        "precipitationLastHour": {
          "unitCode": "wmoUnit:mm",
          "value": null,
          "qualityControl": "Z"
        },
        "precipitationLast3Hours": {
          "unitCode": "wmoUnit:mm",
          "value": null,
          "qualityControl": "Z"
        },
        "precipitationLast6Hours": {
          "unitCode": "wmoUnit:mm",
          "value": null,
          "qualityControl": "Z"
        },
        "relativeHumidity": {
          "unitCode": "wmoUnit:percent",
          "value": 18.91966530244,
          "qualityControl": "V"
        },
        "windChill": {
          "unitCode": "wmoUnit:degC",
          "value": null,
          "qualityControl": "V"
        },
        "heatIndex": {
          "unitCode": "wmoUnit:degC",
          "value": 30.109187772356112,
          "qualityControl": "V"
        },
        "cloudLayers": [
          {
            "base": {
              "unitCode": "wmoUnit:m",
              "value": null
            },
            "amount": "CLR"
          }
        ]
      }
    },
    {
      "id": "https://api.weather.gov/stations/KEMT/observations/2026-03-23T01:45:00+00:00",
      "type": "Feature",
      "geometry": {
        "type": "Point",
        "coordinates": [
          -118.03,
          34.08
        ]
      },
      "properties": {
        "@id": "https://api.weather.gov/stations/KEMT/observations/2026-03-23T01:45:00+00:00",
        "@type": "wx:ObservationStation",
        "elevation": {
          "unitCode": "wmoUnit:m",
          "value": 90
        },
        "station": "https://api.weather.gov/stations/KEMT",
        "stationId": "KEMT",
        "stationName": "El Monte",
        "timestamp": "2026-03-23T01:45:00+00:00",
        "rawMessage": "",
        "textDescription": "",
        "icon": null,
        "presentWeather": [],
        "temperature": {
          "unitCode": "wmoUnit:degC",
          "value": 24,
          "qualityControl": "V"
        },
        "dewpoint": {
          "unitCode": "wmoUnit:degC",
          "value": 11,
          "qualityControl": "V"
        },
        "windDirection": {
          "unitCode": "wmoUnit:degree_(angle)",
          "value": 200,
          "qualityControl": "V"
        },
        "windSpeed": {
          "unitCode": "wmoUnit:km_h-1",
          "value": 18.36,
          "qualityControl": "V"
        },
        "windGust": {
          "unitCode": "wmoUnit:km_h-1",
          "value": null,
          "qualityControl": "Z"
        },
        "barometricPressure": {
          "unitCode": "wmoUnit:Pa",
          "value": 101120,
          "qualityControl": "V"
        },
        "seaLevelPressure": {
          "unitCode": "wmoUnit:Pa",
          "value": null,
          "qualityControl": "Z"
        },
        "visibility": {
          "unitCode": "wmoUnit:m",
          "value": 16090,
          "qualityControl": "C"
        },
        "maxTemperatureLast24Hours": {
          "unitCode": "wmoUnit:degC",
          "value": null
        },
        "minTemperatureLast24Hours": {
          "unitCode": "wmoUnit:degC",
          "value": null
        },
        "precipitationLastHour": {
          "unitCode": "wmoUnit:mm",
          "value": null,
          "qualityControl": "Z"
        },
        "precipitationLast3Hours": {
          "unitCode": "wmoUnit:mm",
          "value": null,
          "qualityControl": "Z"
        },
        "precipitationLast6Hours": {
          "unitCode": "wmoUnit:mm",
          "value": null,
          "qualityControl": "Z"
        },
        "relativeHumidity": {
          "unitCode": "wmoUnit:percent",
          "value": 44.005078558671,
          "qualityControl": "V"
        },
        "windChill": {
          "unitCode": "wmoUnit:degC",
          "value": null,
          "qualityControl": "V"
        },
        "heatIndex": {
          "unitCode": "wmoUnit:degC",
          "value": 23.604577051254445,
          "qualityControl": "V"
        },
        "cloudLayers": []
      }
    },
    {
      "id": "https://api.weather.gov/stations/KBLU/observations/2026-03-23T03:00:00+00:00",
      "type": "Feature",
      "geometry": {
        "type": "Point",
        "coordinates": [
          -120.72,
          39.28
        ]
      },
      "properties": {
        "@id": "https://api.weather.gov/stations/KBLU/observations/2026-03-23T03:00:00+00:00",
        "@type": "wx:ObservationStation",
        "elevation": {
          "unitCode": "wmoUnit:m",
          "value": 1611
        },
        "station": "https://api.weather.gov/stations/KBLU",
        "stationId": "KBLU",
        "stationName": "Emigrant Gap, Blue Canyon Nyack Airport",
        "timestamp": "2026-03-23T03:00:00+00:00",
        "rawMessage": "",
        "textDescription": "Clear",
        "icon": "https://api.weather.gov/icons/land/night/skc?size=medium",
        "presentWeather": [],
        "temperature": {
          "unitCode": "wmoUnit:degC",
          "value": 11,
          "qualityControl": "V"
        },
        "dewpoint": {
          "unitCode": "wmoUnit:degC",
          "value": 3,
          "qualityControl": "V"
        },
        "windDirection": {
          "unitCode": "wmoUnit:degree_(angle)",
          "value": 0,
          "qualityControl": "V"
        },
        "windSpeed": {
          "unitCode": "wmoUnit:km_h-1",
          "value": 0,
          "qualityControl": "V"
        },
        "windGust": {
          "unitCode": "wmoUnit:km_h-1",
          "value": null,
          "qualityControl": "Z"
        },
        "barometricPressure": {
          "unitCode": "wmoUnit:Pa",
          "value": 101998.03,
          "qualityControl": "V"
        },
        "seaLevelPressure": {
          "unitCode": "wmoUnit:Pa",
          "value": null,
          "qualityControl": "Z"
        },
        "visibility": {
          "unitCode": "wmoUnit:m",
          "value": 16093.44,
          "qualityControl": "C"
        },
        "maxTemperatureLast24Hours": {
          "unitCode": "wmoUnit:degC",
          "value": null
        },
        "minTemperatureLast24Hours": {
          "unitCode": "wmoUnit:degC",
          "value": null
        },
        "precipitationLast3Hours": {
          "unitCode": "wmoUnit:mm",
          "value": null,
          "qualityControl": "Z"
        },
        "relativeHumidity": {
          "unitCode": "wmoUnit:percent",
          "value": 57.795276383181,
          "qualityControl": "V"
        },
        "windChill": {
          "unitCode": "wmoUnit:degC",
          "value": null,
          "qualityControl": "V"
        },
        "heatIndex": {
          "unitCode": "wmoUnit:degC",
          "value": null,
          "qualityControl": "V"
        },
        "cloudLayers": [
          {
            "base": {
              "unitCode": "wmoUnit:m",
              "value": 3810
            },
            "amount": "CLR"
          }
        ]
      }
    },
    null,
    {
      "id": "https://api.weather.gov/stations/KL18/observations/2026-03-23T02:55:00+00:00",
      "type": "Feature",
      "geometry": {
        "type": "Point",
        "coordinates": [
          -117.25,
          33.35
        ]
      },
      "properties": {
        "@id": "https://api.weather.gov/stations/KL18/observations/2026-03-23T02:55:00+00:00",
        "@type": "wx:ObservationStation",
        "elevation": {
          "unitCode": "wmoUnit:m",
          "value": 216
        },
        "station": "https://api.weather.gov/stations/KL18",
        "stationId": "KL18",
        "stationName": "Fallbrook Community Airpark",
        "timestamp": "2026-03-23T02:55:00+00:00",
        "rawMessage": "KL18 230255Z AUTO 00000KT 10SM CLR 16/13 A2989 RMK AO2",
        "textDescription": "Clear",
        "icon": "https://api.weather.gov/icons/land/night/skc?size=medium",
        "presentWeather": [],
        "temperature": {
          "unitCode": "wmoUnit:degC",
          "value": 16,
          "qualityControl": "V"
        },
        "dewpoint": {
          "unitCode": "wmoUnit:degC",
          "value": 13,
          "qualityControl": "V"
        },
        "windDirection": {
          "unitCode": "wmoUnit:degree_(angle)",
          "value": 0,
          "qualityControl": "V"
        },
        "windSpeed": {
          "unitCode": "wmoUnit:km_h-1",
          "value": 0,
          "qualityControl": "V"
        },
        "windGust": {
          "unitCode": "wmoUnit:km_h-1",
          "value": null,
          "qualityControl": "Z"
        },
        "barometricPressure": {
          "unitCode": "wmoUnit:Pa",
          "value": 101220,
          "qualityControl": "V"
        },
        "seaLevelPressure": {
          "unitCode": "wmoUnit:Pa",
          "value": null,
          "qualityControl": "Z"
        },
        "visibility": {
          "unitCode": "wmoUnit:m",
          "value": 16090,
          "qualityControl": "C"
        },
        "maxTemperatureLast24Hours": {
          "unitCode": "wmoUnit:degC",
          "value": null
        },
        "minTemperatureLast24Hours": {
          "unitCode": "wmoUnit:degC",
          "value": null
        },
        "precipitationLastHour": {
          "unitCode": "wmoUnit:mm",
          "value": null,
          "qualityControl": "Z"
        },
        "precipitationLast3Hours": {
          "unitCode": "wmoUnit:mm",
          "value": null,
          "qualityControl": "Z"
        },
        "precipitationLast6Hours": {
          "unitCode": "wmoUnit:mm",
          "value": null,
          "qualityControl": "Z"
        },
        "relativeHumidity": {
          "unitCode": "wmoUnit:percent",
          "value": 82.385951628273,
          "qualityControl": "V"
        },
        "windChill": {
          "unitCode": "wmoUnit:degC",
          "value": null,
          "qualityControl": "V"
        },
        "heatIndex": {
          "unitCode": "wmoUnit:degC",
          "value": null,
          "qualityControl": "V"
        },
        "cloudLayers": [
          {
            "base": {
              "unitCode": "wmoUnit:m",
              "value": null
            },
            "amount": "CLR"
          }
        ]
      }
    },
    {
      "id": "https://api.weather.gov/stations/KFOT/observations/2026-03-16T15:15:00+00:00",
      "type": "Feature",
      "geometry": {
        "type": "Point",
        "coordinates": [
          -124.13,
          40.54
        ]
      },
      "properties": {
        "@id": "https://api.weather.gov/stations/KFOT/observations/2026-03-16T15:15:00+00:00",
        "@type": "wx:ObservationStation",
        "elevation": {
          "unitCode": "wmoUnit:m",
          "value": 120
        },
        "station": "https://api.weather.gov/stations/KFOT",
        "stationId": "KFOT",
        "stationName": "Fortuna Rohnerville Airport",
        "timestamp": "2026-03-16T15:15:00+00:00",
        "rawMessage": "KFOT 161515Z AUTO 15006KT 10SM CLR 06/06 A3019 RMK AO1",
        "textDescription": "Clear",
        "icon": "https://api.weather.gov/icons/land/day/skc?size=medium",
        "presentWeather": [],
        "temperature": {
          "unitCode": "wmoUnit:degC",
          "value": 6,
          "qualityControl": "V"
        },
        "dewpoint": {
          "unitCode": "wmoUnit:degC",
          "value": 6,
          "qualityControl": "V"
        },
        "windDirection": {
          "unitCode": "wmoUnit:degree_(angle)",
          "value": 150,
          "qualityControl": "V"
        },
        "windSpeed": {
          "unitCode": "wmoUnit:km_h-1",
          "value": 11.16,
          "qualityControl": "V"
        },
        "windGust": {
          "unitCode": "wmoUnit:km_h-1",
          "value": null,
          "qualityControl": "Z"
        },
        "barometricPressure": {
          "unitCode": "wmoUnit:Pa",
          "value": 102240,
          "qualityControl": "V"
        },
        "seaLevelPressure": {
          "unitCode": "wmoUnit:Pa",
          "value": null,
          "qualityControl": "Z"
        },
        "visibility": {
          "unitCode": "wmoUnit:m",
          "value": 16090,
          "qualityControl": "C"
        },
        "maxTemperatureLast24Hours": {
          "unitCode": "wmoUnit:degC",
          "value": null
        },
        "minTemperatureLast24Hours": {
          "unitCode": "wmoUnit:degC",
          "value": null
        },
        "precipitationLastHour": {
          "unitCode": "wmoUnit:mm",
          "value": null,
          "qualityControl": "Z"
        },
        "precipitationLast3Hours": {
          "unitCode": "wmoUnit:mm",
          "value": null,
          "qualityControl": "Z"
        },
        "precipitationLast6Hours": {
          "unitCode": "wmoUnit:mm",
          "value": null,
          "qualityControl": "Z"
        },
        "relativeHumidity": {
          "unitCode": "wmoUnit:percent",
          "value": 100,
          "qualityControl": "V"
        },
        "windChill": {
          "unitCode": "wmoUnit:degC",
          "value": 3.637840588005,
          "qualityControl": "V"
        },
        "heatIndex": {
          "unitCode": "wmoUnit:degC",
          "value": null,
          "qualityControl": "V"
        },
        "cloudLayers": [
          {
            "base": {
              "unitCode": "wmoUnit:m",
              "value": null
            },
            "amount": "CLR"
          }
        ]
      }
    },
    {
      "id": "https://api.weather.gov/stations/KFCH/observations/2026-03-23T02:35:00+00:00",
      "type": "Feature",
      "geometry": {
        "type": "Point",
        "coordinates": [
          -119.82,
          36.72
        ]
      },
      "properties": {
        "@id": "https://api.weather.gov/stations/KFCH/observations/2026-03-23T02:35:00+00:00",
        "@type": "wx:ObservationStation",
        "elevation": {
          "unitCode": "wmoUnit:m",
          "value": 85
        },
        "station": "https://api.weather.gov/stations/KFCH",
        "stationId": "KFCH",
        "stationName": "Fresno Chandler Executive Airport",
        "timestamp": "2026-03-23T02:35:00+00:00",
        "rawMessage": "KFCH 230235Z AUTO 31007KT 10SM CLR 25/15 A2991 RMK A01",
        "textDescription": "Clear",
        "icon": "https://api.weather.gov/icons/land/night/skc?size=medium",
        "presentWeather": [],
        "temperature": {
          "unitCode": "wmoUnit:degC",
          "value": 25,
          "qualityControl": "V"
        },
        "dewpoint": {
          "unitCode": "wmoUnit:degC",
          "value": 15,
          "qualityControl": "V"
        },
        "windDirection": {
          "unitCode": "wmoUnit:degree_(angle)",
          "value": 310,
          "qualityControl": "V"
        },
        "windSpeed": {
          "unitCode": "wmoUnit:km_h-1",
          "value": 12.96,
          "qualityControl": "V"
        },
        "windGust": {
          "unitCode": "wmoUnit:km_h-1",
          "value": null,
          "qualityControl": "Z"
        },
        "barometricPressure": {
          "unitCode": "wmoUnit:Pa",
          "value": 101290,
          "qualityControl": "V"
        },
        "seaLevelPressure": {
          "unitCode": "wmoUnit:Pa",
          "value": null,
          "qualityControl": "Z"
        },
        "visibility": {
          "unitCode": "wmoUnit:m",
          "value": 16090,
          "qualityControl": "C"
        },
        "maxTemperatureLast24Hours": {
          "unitCode": "wmoUnit:degC",
          "value": null
        },
        "minTemperatureLast24Hours": {
          "unitCode": "wmoUnit:degC",
          "value": null
        },
        "precipitationLastHour": {
          "unitCode": "wmoUnit:mm",
          "value": null,
          "qualityControl": "Z"
        },
        "precipitationLast3Hours": {
          "unitCode": "wmoUnit:mm",
          "value": null,
          "qualityControl": "Z"
        },
        "precipitationLast6Hours": {
          "unitCode": "wmoUnit:mm",
          "value": null,
          "qualityControl": "Z"
        },
        "relativeHumidity": {
          "unitCode": "wmoUnit:percent",
          "value": 53.830642264244,
          "qualityControl": "V"
        },
        "windChill": {
          "unitCode": "wmoUnit:degC",
          "value": null,
          "qualityControl": "V"
        },
        "heatIndex": {
          "unitCode": "wmoUnit:degC",
          "value": 24.961133436899445,
          "qualityControl": "V"
        },
        "cloudLayers": [
          {
            "base": {
              "unitCode": "wmoUnit:m",
              "value": null
            },
            "amount": "CLR"
          }
        ]
      }
    },
    {
      "id": "https://api.weather.gov/stations/KFAT/observations/2026-03-23T03:00:00+00:00",
      "type": "Feature",
      "geometry": {
        "type": "Point",
        "coordinates": [
          -119.72,
          36.77
        ]
      },
      "properties": {
        "@id": "https://api.weather.gov/stations/KFAT/observations/2026-03-23T03:00:00+00:00",
        "@type": "wx:ObservationStation",
        "elevation": {
          "unitCode": "wmoUnit:m",
          "value": 100
        },
        "station": "https://api.weather.gov/stations/KFAT",
        "stationId": "KFAT",
        "stationName": "Fresno, Fresno Air Terminal",
        "timestamp": "2026-03-23T03:00:00+00:00",
        "rawMessage": "",
        "textDescription": "Clear",
        "icon": "https://api.weather.gov/icons/land/night/skc?size=medium",
        "presentWeather": [],
        "temperature": {
          "unitCode": "wmoUnit:degC",
          "value": 25,
          "qualityControl": "V"
        },
        "dewpoint": {
          "unitCode": "wmoUnit:degC",
          "value": 15,
          "qualityControl": "V"
        },
        "windDirection": {
          "unitCode": "wmoUnit:degree_(angle)",
          "value": 320,
          "qualityControl": "V"
        },
        "windSpeed": {
          "unitCode": "wmoUnit:km_h-1",
          "value": 9.252,
          "qualityControl": "V"
        },
        "windGust": {
          "unitCode": "wmoUnit:km_h-1",
          "value": null,
          "qualityControl": "Z"
        },
        "barometricPressure": {
          "unitCode": "wmoUnit:Pa",
          "value": 101253.02,
          "qualityControl": "V"
        },
        "seaLevelPressure": {
          "unitCode": "wmoUnit:Pa",
          "value": null,
          "qualityControl": "Z"
        },
        "visibility": {
          "unitCode": "wmoUnit:m",
          "value": 16093.44,
          "qualityControl": "C"
        },
        "maxTemperatureLast24Hours": {
          "unitCode": "wmoUnit:degC",
          "value": null
        },
        "minTemperatureLast24Hours": {
          "unitCode": "wmoUnit:degC",
          "value": null
        },
        "precipitationLast3Hours": {
          "unitCode": "wmoUnit:mm",
          "value": null,
          "qualityControl": "Z"
        },
        "relativeHumidity": {
          "unitCode": "wmoUnit:percent",
          "value": 53.830642264244,
          "qualityControl": "V"
        },
        "windChill": {
          "unitCode": "wmoUnit:degC",
          "value": null,
          "qualityControl": "V"
        },
        "heatIndex": {
          "unitCode": "wmoUnit:degC",
          "value": 24.961133436899445,
          "qualityControl": "V"
        },
        "cloudLayers": [
          {
            "base": {
              "unitCode": "wmoUnit:m",
              "value": 3810
            },
            "amount": "CLR"
          }
        ]
      }
    },
    {
      "id": "https://api.weather.gov/stations/KFUL/observations/2026-03-23T03:05:00+00:00",
      "type": "Feature",
      "geometry": {
        "type": "Point",
        "coordinates": [
          -117.98,
          33.87
        ]
      },
      "properties": {
        "@id": "https://api.weather.gov/stations/KFUL/observations/2026-03-23T03:05:00+00:00",
        "@type": "wx:ObservationStation",
        "elevation": {
          "unitCode": "wmoUnit:m",
          "value": 29
        },
        "station": "https://api.weather.gov/stations/KFUL",
        "stationId": "KFUL",
        "stationName": "Fullerton, Fullerton Municipal Airport",
        "timestamp": "2026-03-23T03:05:00+00:00",
        "rawMessage": "",
        "textDescription": "Clear",
        "icon": "https://api.weather.gov/icons/land/night/skc?size=medium",
        "presentWeather": [],
        "temperature": {
          "unitCode": "wmoUnit:degC",
          "value": 17,
          "qualityControl": "V"
        },
        "dewpoint": {
          "unitCode": "wmoUnit:degC",
          "value": 14,
          "qualityControl": "V"
        },
        "windDirection": {
          "unitCode": "wmoUnit:degree_(angle)",
          "value": 180,
          "qualityControl": "V"
        },
        "windSpeed": {
          "unitCode": "wmoUnit:km_h-1",
          "value": 7.416,
          "qualityControl": "V"
        },
        "windGust": {
          "unitCode": "wmoUnit:km_h-1",
          "value": null,
          "qualityControl": "Z"
        },
        "barometricPressure": {
          "unitCode": "wmoUnit:Pa",
          "value": 101151.43,
          "qualityControl": "V"
        },
        "seaLevelPressure": {
          "unitCode": "wmoUnit:Pa",
          "value": null,
          "qualityControl": "Z"
        },
        "visibility": {
          "unitCode": "wmoUnit:m",
          "value": 16093.44,
          "qualityControl": "C"
        },
        "maxTemperatureLast24Hours": {
          "unitCode": "wmoUnit:degC",
          "value": null
        },
        "minTemperatureLast24Hours": {
          "unitCode": "wmoUnit:degC",
          "value": null
        },
        "precipitationLast3Hours": {
          "unitCode": "wmoUnit:mm",
          "value": null,
          "qualityControl": "Z"
        },
        "relativeHumidity": {
          "unitCode": "wmoUnit:percent",
          "value": 82.509292694902,
          "qualityControl": "V"
        },
        "windChill": {
          "unitCode": "wmoUnit:degC",
          "value": null,
          "qualityControl": "V"
        },
        "heatIndex": {
          "unitCode": "wmoUnit:degC",
          "value": null,
          "qualityControl": "V"
        },
        "cloudLayers": [
          {
            "base": {
              "unitCode": "wmoUnit:m",
              "value": 3810
            },
            "amount": "CLR"
          }
        ]
      }
    },
    {
      "id": "https://api.weather.gov/stations/KGOO/observations/2026-03-23T02:35:00+00:00",
      "type": "Feature",
      "geometry": {
        "type": "Point",
        "coordinates": [
          -121,
          39.21
        ]
      },
      "properties": {
        "@id": "https://api.weather.gov/stations/KGOO/observations/2026-03-23T02:35:00+00:00",
        "@type": "wx:ObservationStation",
        "elevation": {
          "unitCode": "wmoUnit:m",
          "value": 962
        },
        "station": "https://api.weather.gov/stations/KGOO",
        "stationId": "KGOO",
        "stationName": "Nevada County Air Park",
        "timestamp": "2026-03-23T02:35:00+00:00",
        "rawMessage": "KGOO 230235Z AUTO 00000KT 10SM CLR 18/05 A3001 RMK A01",
        "textDescription": "Clear",
        "icon": "https://api.weather.gov/icons/land/night/skc?size=medium",
        "presentWeather": [],
        "temperature": {
          "unitCode": "wmoUnit:degC",
          "value": 18,
          "qualityControl": "V"
        },
        "dewpoint": {
          "unitCode": "wmoUnit:degC",
          "value": 5,
          "qualityControl": "V"
        },
        "windDirection": {
          "unitCode": "wmoUnit:degree_(angle)",
          "value": 0,
          "qualityControl": "V"
        },
        "windSpeed": {
          "unitCode": "wmoUnit:km_h-1",
          "value": 0,
          "qualityControl": "V"
        },
        "windGust": {
          "unitCode": "wmoUnit:km_h-1",
          "value": null,
          "qualityControl": "Z"
        },
        "barometricPressure": {
          "unitCode": "wmoUnit:Pa",
          "value": 101630,
          "qualityControl": "V"
        },
        "seaLevelPressure": {
          "unitCode": "wmoUnit:Pa",
          "value": null,
          "qualityControl": "Z"
        },
        "visibility": {
          "unitCode": "wmoUnit:m",
          "value": 16090,
          "qualityControl": "C"
        },
        "maxTemperatureLast24Hours": {
          "unitCode": "wmoUnit:degC",
          "value": null
        },
        "minTemperatureLast24Hours": {
          "unitCode": "wmoUnit:degC",
          "value": null
        },
        "precipitationLastHour": {
          "unitCode": "wmoUnit:mm",
          "value": null,
          "qualityControl": "Z"
        },
        "precipitationLast3Hours": {
          "unitCode": "wmoUnit:mm",
          "value": null,
          "qualityControl": "Z"
        },
        "precipitationLast6Hours": {
          "unitCode": "wmoUnit:mm",
          "value": null,
          "qualityControl": "Z"
        },
        "relativeHumidity": {
          "unitCode": "wmoUnit:percent",
          "value": 42.314280944833,
          "qualityControl": "V"
        },
        "windChill": {
          "unitCode": "wmoUnit:degC",
          "value": null,
          "qualityControl": "V"
        },
        "heatIndex": {
          "unitCode": "wmoUnit:degC",
          "value": null,
          "qualityControl": "V"
        },
        "cloudLayers": [
          {
            "base": {
              "unitCode": "wmoUnit:m",
              "value": null
            },
            "amount": "CLR"
          }
        ]
      }
    },
    {
      "id": "https://api.weather.gov/stations/KHAF/observations/2026-03-23T02:55:00+00:00",
      "type": "Feature",
      "geometry": {
        "type": "Point",
        "coordinates": [
          -122.5,
          37.5
        ]
      },
      "properties": {
        "@id": "https://api.weather.gov/stations/KHAF/observations/2026-03-23T02:55:00+00:00",
        "@type": "wx:ObservationStation",
        "elevation": {
          "unitCode": "wmoUnit:m",
          "value": 20
        },
        "station": "https://api.weather.gov/stations/KHAF",
        "stationId": "KHAF",
        "stationName": "Half Moon Bay Airport",
        "timestamp": "2026-03-23T02:55:00+00:00",
        "rawMessage": "KHAF 230255Z AUTO 34006KT 5SM BR CLR 11/11 A3001 RMK AO2",
        "textDescription": "Fog/Mist",
        "icon": "https://api.weather.gov/icons/land/night/fog?size=medium",
        "presentWeather": [
          {
            "intensity": null,
            "modifier": null,
            "weather": "fog_mist",
            "rawString": "BR"
          }
        ],
        "temperature": {
          "unitCode": "wmoUnit:degC",
          "value": 11,
          "qualityControl": "V"
        },
        "dewpoint": {
          "unitCode": "wmoUnit:degC",
          "value": 11,
          "qualityControl": "V"
        },
        "windDirection": {
          "unitCode": "wmoUnit:degree_(angle)",
          "value": 340,
          "qualityControl": "V"
        },
        "windSpeed": {
          "unitCode": "wmoUnit:km_h-1",
          "value": 11.16,
          "qualityControl": "V"
        },
        "windGust": {
          "unitCode": "wmoUnit:km_h-1",
          "value": null,
          "qualityControl": "Z"
        },
        "barometricPressure": {
          "unitCode": "wmoUnit:Pa",
          "value": 101630,
          "qualityControl": "V"
        },
        "seaLevelPressure": {
          "unitCode": "wmoUnit:Pa",
          "value": null,
          "qualityControl": "Z"
        },
        "visibility": {
          "unitCode": "wmoUnit:m",
          "value": 8050,
          "qualityControl": "C"
        },
        "maxTemperatureLast24Hours": {
          "unitCode": "wmoUnit:degC",
          "value": null
        },
        "minTemperatureLast24Hours": {
          "unitCode": "wmoUnit:degC",
          "value": null
        },
        "precipitationLastHour": {
          "unitCode": "wmoUnit:mm",
          "value": null,
          "qualityControl": "Z"
        },
        "precipitationLast3Hours": {
          "unitCode": "wmoUnit:mm",
          "value": null,
          "qualityControl": "Z"
        },
        "precipitationLast6Hours": {
          "unitCode": "wmoUnit:mm",
          "value": null,
          "qualityControl": "Z"
        },
        "relativeHumidity": {
          "unitCode": "wmoUnit:percent",
          "value": 100,
          "qualityControl": "V"
        },
        "windChill": {
          "unitCode": "wmoUnit:degC",
          "value": null,
          "qualityControl": "V"
        },
        "heatIndex": {
          "unitCode": "wmoUnit:degC",
          "value": null,
          "qualityControl": "V"
        },
        "cloudLayers": [
          {
            "base": {
              "unitCode": "wmoUnit:m",
              "value": null
            },
            "amount": "CLR"
          }
        ]
      }
    },
    {
      "id": "https://api.weather.gov/stations/KHJO/observations/2026-03-23T03:00:00+00:00",
      "type": "Feature",
      "geometry": {
        "type": "Point",
        "coordinates": [
          -119.62,
          36.32
        ]
      },
      "properties": {
        "@id": "https://api.weather.gov/stations/KHJO/observations/2026-03-23T03:00:00+00:00",
        "@type": "wx:ObservationStation",
        "elevation": {
          "unitCode": "wmoUnit:m",
          "value": 75
        },
        "station": "https://api.weather.gov/stations/KHJO",
        "stationId": "KHJO",
        "stationName": "Hanford Municipal Airport",
        "timestamp": "2026-03-23T03:00:00+00:00",
        "rawMessage": "",
        "textDescription": "Clear",
        "icon": "https://api.weather.gov/icons/land/night/skc?size=medium",
        "presentWeather": [],
        "temperature": {
          "unitCode": "wmoUnit:degC",
          "value": 24,
          "qualityControl": "V"
        },
        "dewpoint": {
          "unitCode": "wmoUnit:degC",
          "value": 16,
          "qualityControl": "V"
        },
        "windDirection": {
          "unitCode": "wmoUnit:degree_(angle)",
          "value": 320,
          "qualityControl": "V"
        },
        "windSpeed": {
          "unitCode": "wmoUnit:km_h-1",
          "value": 12.96,
          "qualityControl": "V"
        },
        "windGust": {
          "unitCode": "wmoUnit:km_h-1",
          "value": null,
          "qualityControl": "Z"
        },
        "barometricPressure": {
          "unitCode": "wmoUnit:Pa",
          "value": 101286.88,
          "qualityControl": "V"
        },
        "seaLevelPressure": {
          "unitCode": "wmoUnit:Pa",
          "value": null,
          "qualityControl": "Z"
        },
        "visibility": {
          "unitCode": "wmoUnit:m",
          "value": 16093.44,
          "qualityControl": "C"
        },
        "maxTemperatureLast24Hours": {
          "unitCode": "wmoUnit:degC",
          "value": null
        },
        "minTemperatureLast24Hours": {
          "unitCode": "wmoUnit:degC",
          "value": null
        },
        "precipitationLast3Hours": {
          "unitCode": "wmoUnit:mm",
          "value": null,
          "qualityControl": "Z"
        },
        "relativeHumidity": {
          "unitCode": "wmoUnit:percent",
          "value": 60.932871508219,
          "qualityControl": "V"
        },
        "windChill": {
          "unitCode": "wmoUnit:degC",
          "value": null,
          "qualityControl": "V"
        },
        "heatIndex": {
          "unitCode": "wmoUnit:degC",
          "value": 24.046580533825555,
          "qualityControl": "V"
        },
        "cloudLayers": [
          {
            "base": {
              "unitCode": "wmoUnit:m",
              "value": 3810
            },
            "amount": "CLR"
          }
        ]
      }
    },
    null,
    {
      "id": "https://api.weather.gov/stations/KHHR/observations/2026-03-23T03:00:00+00:00",
      "type": "Feature",
      "geometry": {
        "type": "Point",
        "coordinates": [
          -118.33,
          33.92
        ]
      },
      "properties": {
        "@id": "https://api.weather.gov/stations/KHHR/observations/2026-03-23T03:00:00+00:00",
        "@type": "wx:ObservationStation",
        "elevation": {
          "unitCode": "wmoUnit:m",
          "value": 19
        },
        "station": "https://api.weather.gov/stations/KHHR",
        "stationId": "KHHR",
        "stationName": "Hawthorne, Hawthorne Municipal Airport",
        "timestamp": "2026-03-23T03:00:00+00:00",
        "rawMessage": "",
        "textDescription": "Haze",
        "icon": "https://api.weather.gov/icons/land/night/skc?size=medium",
        "presentWeather": [
          {
            "intensity": null,
            "modifier": null,
            "weather": "haze",
            "rawString": "HZ"
          }
        ],
        "temperature": {
          "unitCode": "wmoUnit:degC",
          "value": 17,
          "qualityControl": "V"
        },
        "dewpoint": {
          "unitCode": "wmoUnit:degC",
          "value": 14,
          "qualityControl": "V"
        },
        "windDirection": {
          "unitCode": "wmoUnit:degree_(angle)",
          "value": 290,
          "qualityControl": "V"
        },
        "windSpeed": {
          "unitCode": "wmoUnit:km_h-1",
          "value": 7.416,
          "qualityControl": "V"
        },
        "windGust": {
          "unitCode": "wmoUnit:km_h-1",
          "value": null,
          "qualityControl": "Z"
        },
        "barometricPressure": {
          "unitCode": "wmoUnit:Pa",
          "value": 101185.29,
          "qualityControl": "V"
        },
        "seaLevelPressure": {
          "unitCode": "wmoUnit:Pa",
          "value": null,
          "qualityControl": "Z"
        },
        "visibility": {
          "unitCode": "wmoUnit:m",
          "value": 8046.72,
          "qualityControl": "C"
        },
        "maxTemperatureLast24Hours": {
          "unitCode": "wmoUnit:degC",
          "value": null
        },
        "minTemperatureLast24Hours": {
          "unitCode": "wmoUnit:degC",
          "value": null
        },
        "precipitationLast3Hours": {
          "unitCode": "wmoUnit:mm",
          "value": null,
          "qualityControl": "Z"
        },
        "relativeHumidity": {
          "unitCode": "wmoUnit:percent",
          "value": 82.509292694902,
          "qualityControl": "V"
        },
        "windChill": {
          "unitCode": "wmoUnit:degC",
          "value": null,
          "qualityControl": "V"
        },
        "heatIndex": {
          "unitCode": "wmoUnit:degC",
          "value": null,
          "qualityControl": "V"
        },
        "cloudLayers": [
          {
            "base": {
              "unitCode": "wmoUnit:m",
              "value": 3810
            },
            "amount": "CLR"
          }
        ]
      }
    },
    {
      "id": "https://api.weather.gov/stations/KHWD/observations/2026-03-23T03:00:00+00:00",
      "type": "Feature",
      "geometry": {
        "type": "Point",
        "coordinates": [
          -122.12,
          37.67
        ]
      },
      "properties": {
        "@id": "https://api.weather.gov/stations/KHWD/observations/2026-03-23T03:00:00+00:00",
        "@type": "wx:ObservationStation",
        "elevation": {
          "unitCode": "wmoUnit:m",
          "value": 14
        },
        "station": "https://api.weather.gov/stations/KHWD",
        "stationId": "KHWD",
        "stationName": "Hayward, Hayward Air Terminal",
        "timestamp": "2026-03-23T03:00:00+00:00",
        "rawMessage": "",
        "textDescription": "Clear",
        "icon": "https://api.weather.gov/icons/land/night/skc?size=medium",
        "presentWeather": [],
        "temperature": {
          "unitCode": "wmoUnit:degC",
          "value": 14,
          "qualityControl": "V"
        },
        "dewpoint": {
          "unitCode": "wmoUnit:degC",
          "value": 10,
          "qualityControl": "V"
        },
        "windDirection": {
          "unitCode": "wmoUnit:degree_(angle)",
          "value": 290,
          "qualityControl": "V"
        },
        "windSpeed": {
          "unitCode": "wmoUnit:km_h-1",
          "value": 14.832,
          "qualityControl": "V"
        },
        "windGust": {
          "unitCode": "wmoUnit:km_h-1",
          "value": null,
          "qualityControl": "Z"
        },
        "barometricPressure": {
          "unitCode": "wmoUnit:Pa",
          "value": 101490.06,
          "qualityControl": "V"
        },
        "seaLevelPressure": {
          "unitCode": "wmoUnit:Pa",
          "value": null,
          "qualityControl": "Z"
        },
        "visibility": {
          "unitCode": "wmoUnit:m",
          "value": 16093.44,
          "qualityControl": "C"
        },
        "maxTemperatureLast24Hours": {
          "unitCode": "wmoUnit:degC",
          "value": null
        },
        "minTemperatureLast24Hours": {
          "unitCode": "wmoUnit:degC",
          "value": null
        },
        "precipitationLast3Hours": {
          "unitCode": "wmoUnit:mm",
          "value": null,
          "qualityControl": "Z"
        },
        "relativeHumidity": {
          "unitCode": "wmoUnit:percent",
          "value": 76.840593259432,
          "qualityControl": "V"
        },
        "windChill": {
          "unitCode": "wmoUnit:degC",
          "value": null,
          "qualityControl": "V"
        },
        "heatIndex": {
          "unitCode": "wmoUnit:degC",
          "value": null,
          "qualityControl": "V"
        },
        "cloudLayers": [
          {
            "base": {
              "unitCode": "wmoUnit:m",
              "value": 3810
            },
            "amount": "CLR"
          }
        ]
      }
    },
    null,
    {
      "id": "https://api.weather.gov/stations/KHMT/observations/2026-03-23T01:35:00+00:00",
      "type": "Feature",
      "geometry": {
        "type": "Point",
        "coordinates": [
          -117.02,
          33.73
        ]
      },
      "properties": {
        "@id": "https://api.weather.gov/stations/KHMT/observations/2026-03-23T01:35:00+00:00",
        "@type": "wx:ObservationStation",
        "elevation": {
          "unitCode": "wmoUnit:m",
          "value": 462
        },
        "station": "https://api.weather.gov/stations/KHMT",
        "stationId": "KHMT",
        "stationName": "Hemet-Ryan Airport",
        "timestamp": "2026-03-23T01:35:00+00:00",
        "rawMessage": "",
        "textDescription": "",
        "icon": null,
        "presentWeather": [],
        "temperature": {
          "unitCode": "wmoUnit:degC",
          "value": 24,
          "qualityControl": "V"
        },
        "dewpoint": {
          "unitCode": "wmoUnit:degC",
          "value": 4,
          "qualityControl": "V"
        },
        "windDirection": {
          "unitCode": "wmoUnit:degree_(angle)",
          "value": 230,
          "qualityControl": "V"
        },
        "windSpeed": {
          "unitCode": "wmoUnit:km_h-1",
          "value": 12.96,
          "qualityControl": "V"
        },
        "windGust": {
          "unitCode": "wmoUnit:km_h-1",
          "value": null,
          "qualityControl": "Z"
        },
        "barometricPressure": {
          "unitCode": "wmoUnit:Pa",
          "value": 101286.88,
          "qualityControl": "V"
        },
        "seaLevelPressure": {
          "unitCode": "wmoUnit:Pa",
          "value": null,
          "qualityControl": "Z"
        },
        "visibility": {
          "unitCode": "wmoUnit:m",
          "value": 16093.44,
          "qualityControl": "C"
        },
        "maxTemperatureLast24Hours": {
          "unitCode": "wmoUnit:degC",
          "value": null
        },
        "minTemperatureLast24Hours": {
          "unitCode": "wmoUnit:degC",
          "value": null
        },
        "precipitationLastHour": {
          "unitCode": "wmoUnit:mm",
          "value": null,
          "qualityControl": "Z"
        },
        "precipitationLast3Hours": {
          "unitCode": "wmoUnit:mm",
          "value": null,
          "qualityControl": "Z"
        },
        "precipitationLast6Hours": {
          "unitCode": "wmoUnit:mm",
          "value": null,
          "qualityControl": "Z"
        },
        "relativeHumidity": {
          "unitCode": "wmoUnit:percent",
          "value": 27.289901280645,
          "qualityControl": "V"
        },
        "windChill": {
          "unitCode": "wmoUnit:degC",
          "value": null,
          "qualityControl": "V"
        },
        "heatIndex": {
          "unitCode": "wmoUnit:degC",
          "value": 23.168125200105557,
          "qualityControl": "V"
        },
        "cloudLayers": []
      }
    },
    {
      "id": "https://api.weather.gov/stations/KCVH/observations/2026-03-23T02:55:00+00:00",
      "type": "Feature",
      "geometry": {
        "type": "Point",
        "coordinates": [
          -121.41,
          36.89
        ]
      },
      "properties": {
        "@id": "https://api.weather.gov/stations/KCVH/observations/2026-03-23T02:55:00+00:00",
        "@type": "wx:ObservationStation",
        "elevation": {
          "unitCode": "wmoUnit:m",
          "value": 70
        },
        "station": "https://api.weather.gov/stations/KCVH",
        "stationId": "KCVH",
        "stationName": "Hollister, CA",
        "timestamp": "2026-03-23T02:55:00+00:00",
        "rawMessage": "KCVH 230255Z AUTO 00000KT 10SM CLR 19/10 A2995 RMK A01",
        "textDescription": "Clear",
        "icon": "https://api.weather.gov/icons/land/night/skc?size=medium",
        "presentWeather": [],
        "temperature": {
          "unitCode": "wmoUnit:degC",
          "value": 19,
          "qualityControl": "V"
        },
        "dewpoint": {
          "unitCode": "wmoUnit:degC",
          "value": 10,
          "qualityControl": "V"
        },
        "windDirection": {
          "unitCode": "wmoUnit:degree_(angle)",
          "value": 0,
          "qualityControl": "V"
        },
        "windSpeed": {
          "unitCode": "wmoUnit:km_h-1",
          "value": 0,
          "qualityControl": "V"
        },
        "windGust": {
          "unitCode": "wmoUnit:km_h-1",
          "value": null,
          "qualityControl": "Z"
        },
        "barometricPressure": {
          "unitCode": "wmoUnit:Pa",
          "value": 101420,
          "qualityControl": "V"
        },
        "seaLevelPressure": {
          "unitCode": "wmoUnit:Pa",
          "value": null,
          "qualityControl": "Z"
        },
        "visibility": {
          "unitCode": "wmoUnit:m",
          "value": 16090,
          "qualityControl": "C"
        },
        "maxTemperatureLast24Hours": {
          "unitCode": "wmoUnit:degC",
          "value": null
        },
        "minTemperatureLast24Hours": {
          "unitCode": "wmoUnit:degC",
          "value": null
        },
        "precipitationLastHour": {
          "unitCode": "wmoUnit:mm",
          "value": null,
          "qualityControl": "Z"
        },
        "precipitationLast3Hours": {
          "unitCode": "wmoUnit:mm",
          "value": null,
          "qualityControl": "Z"
        },
        "precipitationLast6Hours": {
          "unitCode": "wmoUnit:mm",
          "value": null,
          "qualityControl": "Z"
        },
        "relativeHumidity": {
          "unitCode": "wmoUnit:percent",
          "value": 55.910188768411,
          "qualityControl": "V"
        },
        "windChill": {
          "unitCode": "wmoUnit:degC",
          "value": null,
          "qualityControl": "V"
        },
        "heatIndex": {
          "unitCode": "wmoUnit:degC",
          "value": null,
          "qualityControl": "V"
        },
        "cloudLayers": [
          {
            "base": {
              "unitCode": "wmoUnit:m",
              "value": null
            },
            "amount": "CLR"
          }
        ]
      }
    },
    null,
    {
      "id": "https://api.weather.gov/stations/KNRS/observations/2026-03-23T02:53:00+00:00",
      "type": "Feature",
      "geometry": {
        "type": "Point",
        "coordinates": [
          -117.12,
          32.57
        ]
      },
      "properties": {
        "@id": "https://api.weather.gov/stations/KNRS/observations/2026-03-23T02:53:00+00:00",
        "@type": "wx:ObservationStation",
        "elevation": {
          "unitCode": "wmoUnit:m",
          "value": 7
        },
        "station": "https://api.weather.gov/stations/KNRS",
        "stationId": "KNRS",
        "stationName": "Imperial Beach Naval Outlying Field - Ream Field",
        "timestamp": "2026-03-23T02:53:00+00:00",
        "rawMessage": "KNRS 230253Z AUTO 00000KT CLR 16/14 A2990 RMK AO2 SLP123 T01560139 53001 $",
        "textDescription": "Clear",
        "icon": "https://api.weather.gov/icons/land/night/skc?size=medium",
        "presentWeather": [],
        "temperature": {
          "unitCode": "wmoUnit:degC",
          "value": 15.6,
          "qualityControl": "V"
        },
        "dewpoint": {
          "unitCode": "wmoUnit:degC",
          "value": 13.9,
          "qualityControl": "V"
        },
        "windDirection": {
          "unitCode": "wmoUnit:degree_(angle)",
          "value": 0,
          "qualityControl": "V"
        },
        "windSpeed": {
          "unitCode": "wmoUnit:km_h-1",
          "value": 0,
          "qualityControl": "V"
        },
        "windGust": {
          "unitCode": "wmoUnit:km_h-1",
          "value": null,
          "qualityControl": "Z"
        },
        "barometricPressure": {
          "unitCode": "wmoUnit:Pa",
          "value": 101250,
          "qualityControl": "V"
        },
        "seaLevelPressure": {
          "unitCode": "wmoUnit:Pa",
          "value": 101230,
          "qualityControl": "V"
        },
        "visibility": {
          "unitCode": "wmoUnit:m",
          "value": null,
          "qualityControl": "Z"
        },
        "maxTemperatureLast24Hours": {
          "unitCode": "wmoUnit:degC",
          "value": null
        },
        "minTemperatureLast24Hours": {
          "unitCode": "wmoUnit:degC",
          "value": null
        },
        "precipitationLastHour": {
          "unitCode": "wmoUnit:mm",
          "value": null,
          "qualityControl": "Z"
        },
        "precipitationLast3Hours": {
          "unitCode": "wmoUnit:mm",
          "value": null,
          "qualityControl": "Z"
        },
        "precipitationLast6Hours": {
          "unitCode": "wmoUnit:mm",
          "value": null,
          "qualityControl": "Z"
        },
        "relativeHumidity": {
          "unitCode": "wmoUnit:percent",
          "value": 89.621112131842,
          "qualityControl": "V"
        },
        "windChill": {
          "unitCode": "wmoUnit:degC",
          "value": null,
          "qualityControl": "V"
        },
        "heatIndex": {
          "unitCode": "wmoUnit:degC",
          "value": null,
          "qualityControl": "V"
        },
        "cloudLayers": [
          {
            "base": {
              "unitCode": "wmoUnit:m",
              "value": null
            },
            "amount": "CLR"
          }
        ]
      }
    },
    {
      "id": "https://api.weather.gov/stations/KIPL/observations/2026-03-23T03:05:00+00:00",
      "type": "Feature",
      "geometry": {
        "type": "Point",
        "coordinates": [
          -115.58,
          32.83
        ]
      },
      "properties": {
        "@id": "https://api.weather.gov/stations/KIPL/observations/2026-03-23T03:05:00+00:00",
        "@type": "wx:ObservationStation",
        "elevation": {
          "unitCode": "wmoUnit:m",
          "value": -17
        },
        "station": "https://api.weather.gov/stations/KIPL",
        "stationId": "KIPL",
        "stationName": "Imperial, Imperial County Airport",
        "timestamp": "2026-03-23T03:05:00+00:00",
        "rawMessage": "",
        "textDescription": "Clear",
        "icon": "https://api.weather.gov/icons/land/night/skc?size=medium",
        "presentWeather": [],
        "temperature": {
          "unitCode": "wmoUnit:degC",
          "value": 31,
          "qualityControl": "V"
        },
        "dewpoint": {
          "unitCode": "wmoUnit:degC",
          "value": 6,
          "qualityControl": "V"
        },
        "windDirection": {
          "unitCode": "wmoUnit:degree_(angle)",
          "value": null,
          "qualityControl": "Z"
        },
        "windSpeed": {
          "unitCode": "wmoUnit:km_h-1",
          "value": null,
          "qualityControl": "Z"
        },
        "windGust": {
          "unitCode": "wmoUnit:km_h-1",
          "value": null,
          "qualityControl": "Z"
        },
        "barometricPressure": {
          "unitCode": "wmoUnit:Pa",
          "value": 100575.74,
          "qualityControl": "V"
        },
        "seaLevelPressure": {
          "unitCode": "wmoUnit:Pa",
          "value": null,
          "qualityControl": "Z"
        },
        "visibility": {
          "unitCode": "wmoUnit:m",
          "value": 16093.44,
          "qualityControl": "C"
        },
        "maxTemperatureLast24Hours": {
          "unitCode": "wmoUnit:degC",
          "value": null
        },
        "minTemperatureLast24Hours": {
          "unitCode": "wmoUnit:degC",
          "value": null
        },
        "precipitationLast3Hours": {
          "unitCode": "wmoUnit:mm",
          "value": null,
          "qualityControl": "Z"
        },
        "relativeHumidity": {
          "unitCode": "wmoUnit:percent",
          "value": 20.822257503628,
          "qualityControl": "V"
        },
        "windChill": {
          "unitCode": "wmoUnit:degC",
          "value": null,
          "qualityControl": "V"
        },
        "heatIndex": {
          "unitCode": "wmoUnit:degC",
          "value": 29.111907792193332,
          "qualityControl": "V"
        },
        "cloudLayers": [
          {
            "base": {
              "unitCode": "wmoUnit:m",
              "value": 3810
            },
            "amount": "CLR"
          }
        ]
      }
    },
    {
      "id": "https://api.weather.gov/stations/KIYK/observations/2026-03-23T01:55:00+00:00",
      "type": "Feature",
      "geometry": {
        "type": "Point",
        "coordinates": [
          -117.83,
          35.66
        ]
      },
      "properties": {
        "@id": "https://api.weather.gov/stations/KIYK/observations/2026-03-23T01:55:00+00:00",
        "@type": "wx:ObservationStation",
        "elevation": {
          "unitCode": "wmoUnit:m",
          "value": 748.3
        },
        "station": "https://api.weather.gov/stations/KIYK",
        "stationId": "KIYK",
        "stationName": null,
        "timestamp": "2026-03-23T01:55:00+00:00",
        "rawMessage": "",
        "textDescription": "Haze",
        "icon": null,
        "presentWeather": [
          {
            "intensity": null,
            "modifier": null,
            "weather": "haze",
            "rawString": "HZ"
          }
        ],
        "temperature": {
          "unitCode": "wmoUnit:degC",
          "value": 29,
          "qualityControl": "V"
        },
        "dewpoint": {
          "unitCode": "wmoUnit:degC",
          "value": 4,
          "qualityControl": "V"
        },
        "windDirection": {
          "unitCode": "wmoUnit:degree_(angle)",
          "value": 0,
          "qualityControl": "V"
        },
        "windSpeed": {
          "unitCode": "wmoUnit:km_h-1",
          "value": 0,
          "qualityControl": "V"
        },
        "windGust": {
          "unitCode": "wmoUnit:km_h-1",
          "value": null,
          "qualityControl": "Z"
        },
        "barometricPressure": {
          "unitCode": "wmoUnit:Pa",
          "value": null,
          "qualityControl": "Z"
        },
        "seaLevelPressure": {
          "unitCode": "wmoUnit:Pa",
          "value": null,
          "qualityControl": "Z"
        },
        "visibility": {
          "unitCode": "wmoUnit:m",
          "value": 4023.36,
          "qualityControl": "C"
        },
        "maxTemperatureLast24Hours": {
          "unitCode": "wmoUnit:degC",
          "value": null
        },
        "minTemperatureLast24Hours": {
          "unitCode": "wmoUnit:degC",
          "value": null
        },
        "precipitationLastHour": {
          "unitCode": "wmoUnit:mm",
          "value": null,
          "qualityControl": "Z"
        },
        "precipitationLast3Hours": {
          "unitCode": "wmoUnit:mm",
          "value": null,
          "qualityControl": "Z"
        },
        "precipitationLast6Hours": {
          "unitCode": "wmoUnit:mm",
          "value": null,
          "qualityControl": "Z"
        },
        "relativeHumidity": {
          "unitCode": "wmoUnit:percent",
          "value": 20.321701318055,
          "qualityControl": "V"
        },
        "windChill": {
          "unitCode": "wmoUnit:degC",
          "value": null,
          "qualityControl": "V"
        },
        "heatIndex": {
          "unitCode": "wmoUnit:degC",
          "value": 27.468349655463335,
          "qualityControl": "V"
        },
        "cloudLayers": []
      }
    },
    {
      "id": "https://api.weather.gov/stations/KJAQ/observations/2026-03-23T01:35:00+00:00",
      "type": "Feature",
      "geometry": {
        "type": "Point",
        "coordinates": [
          -120.79,
          38.38
        ]
      },
      "properties": {
        "@id": "https://api.weather.gov/stations/KJAQ/observations/2026-03-23T01:35:00+00:00",
        "@type": "wx:ObservationStation",
        "elevation": {
          "unitCode": "wmoUnit:m",
          "value": 515.1
        },
        "station": "https://api.weather.gov/stations/KJAQ",
        "stationId": "KJAQ",
        "stationName": "Westover Field - Amador County Airport",
        "timestamp": "2026-03-23T01:35:00+00:00",
        "rawMessage": "",
        "textDescription": "",
        "icon": null,
        "presentWeather": [],
        "temperature": {
          "unitCode": "wmoUnit:degC",
          "value": 22.8,
          "qualityControl": "V"
        },
        "dewpoint": {
          "unitCode": "wmoUnit:degC",
          "value": 11.5,
          "qualityControl": "V"
        },
        "windDirection": {
          "unitCode": "wmoUnit:degree_(angle)",
          "value": 320,
          "qualityControl": "V"
        },
        "windSpeed": {
          "unitCode": "wmoUnit:km_h-1",
          "value": 9.252,
          "qualityControl": "V"
        },
        "windGust": {
          "unitCode": "wmoUnit:km_h-1",
          "value": null,
          "qualityControl": "Z"
        },
        "barometricPressure": {
          "unitCode": "wmoUnit:Pa",
          "value": 101456.2,
          "qualityControl": "V"
        },
        "seaLevelPressure": {
          "unitCode": "wmoUnit:Pa",
          "value": null,
          "qualityControl": "Z"
        },
        "visibility": {
          "unitCode": "wmoUnit:m",
          "value": 16093.44,
          "qualityControl": "C"
        },
        "maxTemperatureLast24Hours": {
          "unitCode": "wmoUnit:degC",
          "value": null
        },
        "minTemperatureLast24Hours": {
          "unitCode": "wmoUnit:degC",
          "value": null
        },
        "precipitationLastHour": {
          "unitCode": "wmoUnit:mm",
          "value": null,
          "qualityControl": "Z"
        },
        "precipitationLast3Hours": {
          "unitCode": "wmoUnit:mm",
          "value": null,
          "qualityControl": "Z"
        },
        "precipitationLast6Hours": {
          "unitCode": "wmoUnit:mm",
          "value": null,
          "qualityControl": "Z"
        },
        "relativeHumidity": {
          "unitCode": "wmoUnit:percent",
          "value": 48.902867645002,
          "qualityControl": "V"
        },
        "windChill": {
          "unitCode": "wmoUnit:degC",
          "value": null,
          "qualityControl": "V"
        },
        "heatIndex": {
          "unitCode": "wmoUnit:degC",
          "value": 22.412463766286113,
          "qualityControl": "V"
        },
        "cloudLayers": []
      }
    },
    {
      "id": "https://api.weather.gov/stations/KWJF/observations/2026-03-23T03:00:00+00:00",
      "type": "Feature",
      "geometry": {
        "type": "Point",
        "coordinates": [
          -118.22,
          34.73
        ]
      },
      "properties": {
        "@id": "https://api.weather.gov/stations/KWJF/observations/2026-03-23T03:00:00+00:00",
        "@type": "wx:ObservationStation",
        "elevation": {
          "unitCode": "wmoUnit:m",
          "value": 715
        },
        "station": "https://api.weather.gov/stations/KWJF",
        "stationId": "KWJF",
        "stationName": "General Wm J Fox Airfield",
        "timestamp": "2026-03-23T03:00:00+00:00",
        "rawMessage": "",
        "textDescription": "Clear",
        "icon": "https://api.weather.gov/icons/land/night/skc?size=medium",
        "presentWeather": [],
        "temperature": {
          "unitCode": "wmoUnit:degC",
          "value": 22,
          "qualityControl": "V"
        },
        "dewpoint": {
          "unitCode": "wmoUnit:degC",
          "value": 10,
          "qualityControl": "V"
        },
        "windDirection": {
          "unitCode": "wmoUnit:degree_(angle)",
          "value": 250,
          "qualityControl": "V"
        },
        "windSpeed": {
          "unitCode": "wmoUnit:km_h-1",
          "value": 22.212,
          "qualityControl": "V"
        },
        "windGust": {
          "unitCode": "wmoUnit:km_h-1",
          "value": null,
          "qualityControl": "Z"
        },
        "barometricPressure": {
          "unitCode": "wmoUnit:Pa",
          "value": 101320.75,
          "qualityControl": "V"
        },
        "seaLevelPressure": {
          "unitCode": "wmoUnit:Pa",
          "value": null,
          "qualityControl": "Z"
        },
        "visibility": {
          "unitCode": "wmoUnit:m",
          "value": 16093.44,
          "qualityControl": "C"
        },
        "maxTemperatureLast24Hours": {
          "unitCode": "wmoUnit:degC",
          "value": null
        },
        "minTemperatureLast24Hours": {
          "unitCode": "wmoUnit:degC",
          "value": null
        },
        "precipitationLast3Hours": {
          "unitCode": "wmoUnit:mm",
          "value": null,
          "qualityControl": "Z"
        },
        "relativeHumidity": {
          "unitCode": "wmoUnit:percent",
          "value": 46.465665330029,
          "qualityControl": "V"
        },
        "windChill": {
          "unitCode": "wmoUnit:degC",
          "value": null,
          "qualityControl": "V"
        },
        "heatIndex": {
          "unitCode": "wmoUnit:degC",
          "value": 21.468825705839443,
          "qualityControl": "V"
        },
        "cloudLayers": [
          {
            "base": {
              "unitCode": "wmoUnit:m",
              "value": 3810
            },
            "amount": "CLR"
          }
        ]
      }
    },
    {
      "id": "https://api.weather.gov/stations/KPOC/observations/2026-03-23T02:47:00+00:00",
      "type": "Feature",
      "geometry": {
        "type": "Point",
        "coordinates": [
          -117.76,
          34.1
        ]
      },
      "properties": {
        "@id": "https://api.weather.gov/stations/KPOC/observations/2026-03-23T02:47:00+00:00",
        "@type": "wx:ObservationStation",
        "elevation": {
          "unitCode": "wmoUnit:m",
          "value": 308
        },
        "station": "https://api.weather.gov/stations/KPOC",
        "stationId": "KPOC",
        "stationName": "Brackett Field Airport",
        "timestamp": "2026-03-23T02:47:00+00:00",
        "rawMessage": "KPOC 230247Z 22005KT 10SM CLR 25/11 A2987",
        "textDescription": "Clear",
        "icon": "https://api.weather.gov/icons/land/night/skc?size=medium",
        "presentWeather": [],
        "temperature": {
          "unitCode": "wmoUnit:degC",
          "value": 25,
          "qualityControl": "V"
        },
        "dewpoint": {
          "unitCode": "wmoUnit:degC",
          "value": 11,
          "qualityControl": "V"
        },
        "windDirection": {
          "unitCode": "wmoUnit:degree_(angle)",
          "value": 220,
          "qualityControl": "V"
        },
        "windSpeed": {
          "unitCode": "wmoUnit:km_h-1",
          "value": 9.36,
          "qualityControl": "V"
        },
        "windGust": {
          "unitCode": "wmoUnit:km_h-1",
          "value": null,
          "qualityControl": "Z"
        },
        "barometricPressure": {
          "unitCode": "wmoUnit:Pa",
          "value": 101150,
          "qualityControl": "V"
        },
        "seaLevelPressure": {
          "unitCode": "wmoUnit:Pa",
          "value": null,
          "qualityControl": "Z"
        },
        "visibility": {
          "unitCode": "wmoUnit:m",
          "value": 16090,
          "qualityControl": "C"
        },
        "maxTemperatureLast24Hours": {
          "unitCode": "wmoUnit:degC",
          "value": null
        },
        "minTemperatureLast24Hours": {
          "unitCode": "wmoUnit:degC",
          "value": null
        },
        "precipitationLastHour": {
          "unitCode": "wmoUnit:mm",
          "value": null,
          "qualityControl": "Z"
        },
        "precipitationLast3Hours": {
          "unitCode": "wmoUnit:mm",
          "value": null,
          "qualityControl": "Z"
        },
        "precipitationLast6Hours": {
          "unitCode": "wmoUnit:mm",
          "value": null,
          "qualityControl": "Z"
        },
        "relativeHumidity": {
          "unitCode": "wmoUnit:percent",
          "value": 41.448828752784,
          "qualityControl": "V"
        },
        "windChill": {
          "unitCode": "wmoUnit:degC",
          "value": null,
          "qualityControl": "V"
        },
        "heatIndex": {
          "unitCode": "wmoUnit:degC",
          "value": 24.637830528545,
          "qualityControl": "V"
        },
        "cloudLayers": [
          {
            "base": {
              "unitCode": "wmoUnit:m",
              "value": null
            },
            "amount": "CLR"
          }
        ]
      }
    },
    {
      "id": "https://api.weather.gov/stations/KWHP/observations/2026-03-23T01:55:00+00:00",
      "type": "Feature",
      "geometry": {
        "type": "Point",
        "coordinates": [
          -118.42,
          34.27
        ]
      },
      "properties": {
        "@id": "https://api.weather.gov/stations/KWHP/observations/2026-03-23T01:55:00+00:00",
        "@type": "wx:ObservationStation",
        "elevation": {
          "unitCode": "wmoUnit:m",
          "value": 306
        },
        "station": "https://api.weather.gov/stations/KWHP",
        "stationId": "KWHP",
        "stationName": "Los Angeles, Whiteman Airport",
        "timestamp": "2026-03-23T01:55:00+00:00",
        "rawMessage": "",
        "textDescription": "",
        "icon": null,
        "presentWeather": [],
        "temperature": {
          "unitCode": "wmoUnit:degC",
          "value": 25,
          "qualityControl": "V"
        },
        "dewpoint": {
          "unitCode": "wmoUnit:degC",
          "value": 13,
          "qualityControl": "V"
        },
        "windDirection": {
          "unitCode": "wmoUnit:degree_(angle)",
          "value": 110,
          "qualityControl": "V"
        },
        "windSpeed": {
          "unitCode": "wmoUnit:km_h-1",
          "value": 9.36,
          "qualityControl": "V"
        },
        "windGust": {
          "unitCode": "wmoUnit:km_h-1",
          "value": null,
          "qualityControl": "Z"
        },
        "barometricPressure": {
          "unitCode": "wmoUnit:Pa",
          "value": 101190,
          "qualityControl": "V"
        },
        "seaLevelPressure": {
          "unitCode": "wmoUnit:Pa",
          "value": null,
          "qualityControl": "Z"
        },
        "visibility": {
          "unitCode": "wmoUnit:m",
          "value": 16090,
          "qualityControl": "C"
        },
        "maxTemperatureLast24Hours": {
          "unitCode": "wmoUnit:degC",
          "value": null
        },
        "minTemperatureLast24Hours": {
          "unitCode": "wmoUnit:degC",
          "value": null
        },
        "precipitationLastHour": {
          "unitCode": "wmoUnit:mm",
          "value": null,
          "qualityControl": "Z"
        },
        "precipitationLast3Hours": {
          "unitCode": "wmoUnit:mm",
          "value": null,
          "qualityControl": "Z"
        },
        "precipitationLast6Hours": {
          "unitCode": "wmoUnit:mm",
          "value": null,
          "qualityControl": "Z"
        },
        "relativeHumidity": {
          "unitCode": "wmoUnit:percent",
          "value": 47.284006665151,
          "qualityControl": "V"
        },
        "windChill": {
          "unitCode": "wmoUnit:degC",
          "value": null,
          "qualityControl": "V"
        },
        "heatIndex": {
          "unitCode": "wmoUnit:degC",
          "value": 24.79019350736778,
          "qualityControl": "V"
        },
        "cloudLayers": []
      }
    },
    {
      "id": "https://api.weather.gov/stations/KNLC/observations/2026-03-23T01:56:00+00:00",
      "type": "Feature",
      "geometry": {
        "type": "Point",
        "coordinates": [
          -119.95,
          36.33
        ]
      },
      "properties": {
        "@id": "https://api.weather.gov/stations/KNLC/observations/2026-03-23T01:56:00+00:00",
        "@type": "wx:ObservationStation",
        "elevation": {
          "unitCode": "wmoUnit:m",
          "value": 72
        },
        "station": "https://api.weather.gov/stations/KNLC",
        "stationId": "KNLC",
        "stationName": "Lemoore Naval Air Station - Reeves Field",
        "timestamp": "2026-03-23T01:56:00+00:00",
        "rawMessage": "",
        "textDescription": "",
        "icon": null,
        "presentWeather": [],
        "temperature": {
          "unitCode": "wmoUnit:degC",
          "value": 26.1,
          "qualityControl": "V"
        },
        "dewpoint": {
          "unitCode": "wmoUnit:degC",
          "value": 13.3,
          "qualityControl": "V"
        },
        "windDirection": {
          "unitCode": "wmoUnit:degree_(angle)",
          "value": 340,
          "qualityControl": "V"
        },
        "windSpeed": {
          "unitCode": "wmoUnit:km_h-1",
          "value": 14.76,
          "qualityControl": "V"
        },
        "windGust": {
          "unitCode": "wmoUnit:km_h-1",
          "value": null,
          "qualityControl": "Z"
        },
        "barometricPressure": {
          "unitCode": "wmoUnit:Pa",
          "value": 101220,
          "qualityControl": "V"
        },
        "seaLevelPressure": {
          "unitCode": "wmoUnit:Pa",
          "value": 101200,
          "qualityControl": "V"
        },
        "visibility": {
          "unitCode": "wmoUnit:m",
          "value": 16090,
          "qualityControl": "C"
        },
        "maxTemperatureLast24Hours": {
          "unitCode": "wmoUnit:degC",
          "value": null
        },
        "minTemperatureLast24Hours": {
          "unitCode": "wmoUnit:degC",
          "value": null
        },
        "precipitationLastHour": {
          "unitCode": "wmoUnit:mm",
          "value": null,
          "qualityControl": "Z"
        },
        "precipitationLast3Hours": {
          "unitCode": "wmoUnit:mm",
          "value": null,
          "qualityControl": "Z"
        },
        "precipitationLast6Hours": {
          "unitCode": "wmoUnit:mm",
          "value": null,
          "qualityControl": "Z"
        },
        "relativeHumidity": {
          "unitCode": "wmoUnit:percent",
          "value": 45.170101562509,
          "qualityControl": "V"
        },
        "windChill": {
          "unitCode": "wmoUnit:degC",
          "value": null,
          "qualityControl": "V"
        },
        "heatIndex": {
          "unitCode": "wmoUnit:degC",
          "value": 25.944997096354445,
          "qualityControl": "V"
        },
        "cloudLayers": []
      }
    },
    {
      "id": "https://api.weather.gov/stations/KLHM/observations/2026-03-23T02:15:00+00:00",
      "type": "Feature",
      "geometry": {
        "type": "Point",
        "coordinates": [
          -121.35,
          38.9
        ]
      },
      "properties": {
        "@id": "https://api.weather.gov/stations/KLHM/observations/2026-03-23T02:15:00+00:00",
        "@type": "wx:ObservationStation",
        "elevation": {
          "unitCode": "wmoUnit:m",
          "value": 37
        },
        "station": "https://api.weather.gov/stations/KLHM",
        "stationId": "KLHM",
        "stationName": "Lincoln Regional Karl Harder Field",
        "timestamp": "2026-03-23T02:15:00+00:00",
        "rawMessage": "KLHM 230215Z AUTO 09004KT 10SM CLR 22/13 A2988 RMK AO1",
        "textDescription": "Clear",
        "icon": "https://api.weather.gov/icons/land/night/skc?size=medium",
        "presentWeather": [],
        "temperature": {
          "unitCode": "wmoUnit:degC",
          "value": 22,
          "qualityControl": "V"
        },
        "dewpoint": {
          "unitCode": "wmoUnit:degC",
          "value": 13,
          "qualityControl": "V"
        },
        "windDirection": {
          "unitCode": "wmoUnit:degree_(angle)",
          "value": 90,
          "qualityControl": "V"
        },
        "windSpeed": {
          "unitCode": "wmoUnit:km_h-1",
          "value": 7.56,
          "qualityControl": "V"
        },
        "windGust": {
          "unitCode": "wmoUnit:km_h-1",
          "value": null,
          "qualityControl": "Z"
        },
        "barometricPressure": {
          "unitCode": "wmoUnit:Pa",
          "value": 101190,
          "qualityControl": "V"
        },
        "seaLevelPressure": {
          "unitCode": "wmoUnit:Pa",
          "value": null,
          "qualityControl": "Z"
        },
        "visibility": {
          "unitCode": "wmoUnit:m",
          "value": 16090,
          "qualityControl": "C"
        },
        "maxTemperatureLast24Hours": {
          "unitCode": "wmoUnit:degC",
          "value": null
        },
        "minTemperatureLast24Hours": {
          "unitCode": "wmoUnit:degC",
          "value": null
        },
        "precipitationLastHour": {
          "unitCode": "wmoUnit:mm",
          "value": null,
          "qualityControl": "Z"
        },
        "precipitationLast3Hours": {
          "unitCode": "wmoUnit:mm",
          "value": null,
          "qualityControl": "Z"
        },
        "precipitationLast6Hours": {
          "unitCode": "wmoUnit:mm",
          "value": null,
          "qualityControl": "Z"
        },
        "relativeHumidity": {
          "unitCode": "wmoUnit:percent",
          "value": 56.659698507038,
          "qualityControl": "V"
        },
        "windChill": {
          "unitCode": "wmoUnit:degC",
          "value": null,
          "qualityControl": "V"
        },
        "heatIndex": {
          "unitCode": "wmoUnit:degC",
          "value": 21.735003238795,
          "qualityControl": "V"
        },
        "cloudLayers": [
          {
            "base": {
              "unitCode": "wmoUnit:m",
              "value": null
            },
            "amount": "CLR"
          }
        ]
      }
    },
    {
      "id": "https://api.weather.gov/stations/KLLR/observations/2026-03-23T01:35:00+00:00",
      "type": "Feature",
      "geometry": {
        "type": "Point",
        "coordinates": [
          -123.75,
          39.26
        ]
      },
      "properties": {
        "@id": "https://api.weather.gov/stations/KLLR/observations/2026-03-23T01:35:00+00:00",
        "@type": "wx:ObservationStation",
        "elevation": {
          "unitCode": "wmoUnit:m",
          "value": 174.3
        },
        "station": "https://api.weather.gov/stations/KLLR",
        "stationId": "KLLR",
        "stationName": "LITTLERIVER",
        "timestamp": "2026-03-23T01:35:00+00:00",
        "rawMessage": "",
        "textDescription": "",
        "icon": null,
        "presentWeather": [],
        "temperature": {
          "unitCode": "wmoUnit:degC",
          "value": 11,
          "qualityControl": "V"
        },
        "dewpoint": {
          "unitCode": "wmoUnit:degC",
          "value": 8,
          "qualityControl": "V"
        },
        "windDirection": {
          "unitCode": "wmoUnit:degree_(angle)",
          "value": null,
          "qualityControl": "Z"
        },
        "windSpeed": {
          "unitCode": "wmoUnit:km_h-1",
          "value": 9.252,
          "qualityControl": "V"
        },
        "windGust": {
          "unitCode": "wmoUnit:km_h-1",
          "value": null,
          "qualityControl": "Z"
        },
        "barometricPressure": {
          "unitCode": "wmoUnit:Pa",
          "value": 101625.52,
          "qualityControl": "V"
        },
        "seaLevelPressure": {
          "unitCode": "wmoUnit:Pa",
          "value": null,
          "qualityControl": "Z"
        },
        "visibility": {
          "unitCode": "wmoUnit:m",
          "value": 14484.1,
          "qualityControl": "C"
        },
        "maxTemperatureLast24Hours": {
          "unitCode": "wmoUnit:degC",
          "value": null
        },
        "minTemperatureLast24Hours": {
          "unitCode": "wmoUnit:degC",
          "value": null
        },
        "precipitationLastHour": {
          "unitCode": "wmoUnit:mm",
          "value": null,
          "qualityControl": "Z"
        },
        "precipitationLast3Hours": {
          "unitCode": "wmoUnit:mm",
          "value": null,
          "qualityControl": "Z"
        },
        "precipitationLast6Hours": {
          "unitCode": "wmoUnit:mm",
          "value": null,
          "qualityControl": "Z"
        },
        "relativeHumidity": {
          "unitCode": "wmoUnit:percent",
          "value": 81.750052187031,
          "qualityControl": "V"
        },
        "windChill": {
          "unitCode": "wmoUnit:degC",
          "value": null,
          "qualityControl": "V"
        },
        "heatIndex": {
          "unitCode": "wmoUnit:degC",
          "value": null,
          "qualityControl": "V"
        },
        "cloudLayers": []
      }
    },
    {
      "id": "https://api.weather.gov/stations/KLVK/observations/2026-03-23T03:00:00+00:00",
      "type": "Feature",
      "geometry": {
        "type": "Point",
        "coordinates": [
          -121.82,
          37.7
        ]
      },
      "properties": {
        "@id": "https://api.weather.gov/stations/KLVK/observations/2026-03-23T03:00:00+00:00",
        "@type": "wx:ObservationStation",
        "elevation": {
          "unitCode": "wmoUnit:m",
          "value": 121
        },
        "station": "https://api.weather.gov/stations/KLVK",
        "stationId": "KLVK",
        "stationName": "Livermore, Livermore Municipal Airport",
        "timestamp": "2026-03-23T03:00:00+00:00",
        "rawMessage": "",
        "textDescription": "Clear",
        "icon": "https://api.weather.gov/icons/land/night/skc?size=medium",
        "presentWeather": [],
        "temperature": {
          "unitCode": "wmoUnit:degC",
          "value": 19,
          "qualityControl": "V"
        },
        "dewpoint": {
          "unitCode": "wmoUnit:degC",
          "value": 7,
          "qualityControl": "V"
        },
        "windDirection": {
          "unitCode": "wmoUnit:degree_(angle)",
          "value": 290,
          "qualityControl": "V"
        },
        "windSpeed": {
          "unitCode": "wmoUnit:km_h-1",
          "value": 16.668,
          "qualityControl": "V"
        },
        "windGust": {
          "unitCode": "wmoUnit:km_h-1",
          "value": null,
          "qualityControl": "Z"
        },
        "barometricPressure": {
          "unitCode": "wmoUnit:Pa",
          "value": 101388.48,
          "qualityControl": "V"
        },
        "seaLevelPressure": {
          "unitCode": "wmoUnit:Pa",
          "value": null,
          "qualityControl": "Z"
        },
        "visibility": {
          "unitCode": "wmoUnit:m",
          "value": 16093.44,
          "qualityControl": "C"
        },
        "maxTemperatureLast24Hours": {
          "unitCode": "wmoUnit:degC",
          "value": null
        },
        "minTemperatureLast24Hours": {
          "unitCode": "wmoUnit:degC",
          "value": null
        },
        "precipitationLast3Hours": {
          "unitCode": "wmoUnit:mm",
          "value": null,
          "qualityControl": "Z"
        },
        "relativeHumidity": {
          "unitCode": "wmoUnit:percent",
          "value": 45.633289866414,
          "qualityControl": "V"
        },
        "windChill": {
          "unitCode": "wmoUnit:degC",
          "value": null,
          "qualityControl": "V"
        },
        "heatIndex": {
          "unitCode": "wmoUnit:degC",
          "value": null,
          "qualityControl": "V"
        },
        "cloudLayers": [
          {
            "base": {
              "unitCode": "wmoUnit:m",
              "value": 3810
            },
            "amount": "CLR"
          }
        ]
      }
    },
    {
      "id": "https://api.weather.gov/stations/KLPC/observations/2026-03-23T03:00:00+00:00",
      "type": "Feature",
      "geometry": {
        "type": "Point",
        "coordinates": [
          -120.47,
          34.67
        ]
      },
      "properties": {
        "@id": "https://api.weather.gov/stations/KLPC/observations/2026-03-23T03:00:00+00:00",
        "@type": "wx:ObservationStation",
        "elevation": {
          "unitCode": "wmoUnit:m",
          "value": 27
        },
        "station": "https://api.weather.gov/stations/KLPC",
        "stationId": "KLPC",
        "stationName": "Lompoc, Lompoc Airport",
        "timestamp": "2026-03-23T03:00:00+00:00",
        "rawMessage": "",
        "textDescription": "Fog/Mist",
        "icon": "https://api.weather.gov/icons/land/night/fog?size=medium",
        "presentWeather": [
          {
            "intensity": null,
            "modifier": null,
            "weather": "fog_mist",
            "rawString": "BR"
          }
        ],
        "temperature": {
          "unitCode": "wmoUnit:degC",
          "value": 14,
          "qualityControl": "V"
        },
        "dewpoint": {
          "unitCode": "wmoUnit:degC",
          "value": 14,
          "qualityControl": "V"
        },
        "windDirection": {
          "unitCode": "wmoUnit:degree_(angle)",
          "value": 270,
          "qualityControl": "V"
        },
        "windSpeed": {
          "unitCode": "wmoUnit:km_h-1",
          "value": 12.96,
          "qualityControl": "V"
        },
        "windGust": {
          "unitCode": "wmoUnit:km_h-1",
          "value": null,
          "qualityControl": "Z"
        },
        "barometricPressure": {
          "unitCode": "wmoUnit:Pa",
          "value": 101354.61,
          "qualityControl": "V"
        },
        "seaLevelPressure": {
          "unitCode": "wmoUnit:Pa",
          "value": null,
          "qualityControl": "Z"
        },
        "visibility": {
          "unitCode": "wmoUnit:m",
          "value": 9656.06,
          "qualityControl": "C"
        },
        "maxTemperatureLast24Hours": {
          "unitCode": "wmoUnit:degC",
          "value": null
        },
        "minTemperatureLast24Hours": {
          "unitCode": "wmoUnit:degC",
          "value": null
        },
        "precipitationLast3Hours": {
          "unitCode": "wmoUnit:mm",
          "value": null,
          "qualityControl": "Z"
        },
        "relativeHumidity": {
          "unitCode": "wmoUnit:percent",
          "value": 100,
          "qualityControl": "V"
        },
        "windChill": {
          "unitCode": "wmoUnit:degC",
          "value": null,
          "qualityControl": "V"
        },
        "heatIndex": {
          "unitCode": "wmoUnit:degC",
          "value": null,
          "qualityControl": "V"
        },
        "cloudLayers": [
          {
            "base": {
              "unitCode": "wmoUnit:m",
              "value": 304.8
            },
            "amount": "SCT"
          },
          {
            "base": {
              "unitCode": "wmoUnit:m",
              "value": 487.68
            },
            "amount": "BKN"
          }
        ]
      }
    },
    {
      "id": "https://api.weather.gov/stations/KLGB/observations/2026-03-23T03:00:00+00:00",
      "type": "Feature",
      "geometry": {
        "type": "Point",
        "coordinates": [
          -118.15,
          33.82
        ]
      },
      "properties": {
        "@id": "https://api.weather.gov/stations/KLGB/observations/2026-03-23T03:00:00+00:00",
        "@type": "wx:ObservationStation",
        "elevation": {
          "unitCode": "wmoUnit:m",
          "value": 12
        },
        "station": "https://api.weather.gov/stations/KLGB",
        "stationId": "KLGB",
        "stationName": "Long Beach, Long Beach Airport",
        "timestamp": "2026-03-23T03:00:00+00:00",
        "rawMessage": "",
        "textDescription": "Clear",
        "icon": "https://api.weather.gov/icons/land/night/skc?size=medium",
        "presentWeather": [],
        "temperature": {
          "unitCode": "wmoUnit:degC",
          "value": 18,
          "qualityControl": "V"
        },
        "dewpoint": {
          "unitCode": "wmoUnit:degC",
          "value": 14,
          "qualityControl": "V"
        },
        "windDirection": {
          "unitCode": "wmoUnit:degree_(angle)",
          "value": 120,
          "qualityControl": "V"
        },
        "windSpeed": {
          "unitCode": "wmoUnit:km_h-1",
          "value": 5.544,
          "qualityControl": "V"
        },
        "windGust": {
          "unitCode": "wmoUnit:km_h-1",
          "value": null,
          "qualityControl": "Z"
        },
        "barometricPressure": {
          "unitCode": "wmoUnit:Pa",
          "value": 101151.43,
          "qualityControl": "V"
        },
        "seaLevelPressure": {
          "unitCode": "wmoUnit:Pa",
          "value": null,
          "qualityControl": "Z"
        },
        "visibility": {
          "unitCode": "wmoUnit:m",
          "value": 16093.44,
          "qualityControl": "C"
        },
        "maxTemperatureLast24Hours": {
          "unitCode": "wmoUnit:degC",
          "value": null
        },
        "minTemperatureLast24Hours": {
          "unitCode": "wmoUnit:degC",
          "value": null
        },
        "precipitationLast3Hours": {
          "unitCode": "wmoUnit:mm",
          "value": null,
          "qualityControl": "Z"
        },
        "relativeHumidity": {
          "unitCode": "wmoUnit:percent",
          "value": 77.463474035403,
          "qualityControl": "V"
        },
        "windChill": {
          "unitCode": "wmoUnit:degC",
          "value": null,
          "qualityControl": "V"
        },
        "heatIndex": {
          "unitCode": "wmoUnit:degC",
          "value": null,
          "qualityControl": "V"
        },
        "cloudLayers": [
          {
            "base": {
              "unitCode": "wmoUnit:m",
              "value": 3810
            },
            "amount": "CLR"
          }
        ]
      }
    },
    {
      "id": "https://api.weather.gov/stations/KSLI/observations/2026-03-23T02:55:00+00:00",
      "type": "Feature",
      "geometry": {
        "type": "Point",
        "coordinates": [
          -118.05,
          33.78
        ]
      },
      "properties": {
        "@id": "https://api.weather.gov/stations/KSLI/observations/2026-03-23T02:55:00+00:00",
        "@type": "wx:ObservationStation",
        "elevation": {
          "unitCode": "wmoUnit:m",
          "value": 11
        },
        "station": "https://api.weather.gov/stations/KSLI",
        "stationId": "KSLI",
        "stationName": "Los Alamitos Army Airfield",
        "timestamp": "2026-03-23T02:55:00+00:00",
        "rawMessage": "KSLI 230255Z AUTO 19005KT 6SM BR CLR 17/15 A2984 RMK AO2 SLP108 T01670145 53002",
        "textDescription": "Fog/Mist",
        "icon": "https://api.weather.gov/icons/land/night/fog?size=medium",
        "presentWeather": [
          {
            "intensity": null,
            "modifier": null,
            "weather": "fog_mist",
            "rawString": "BR"
          }
        ],
        "temperature": {
          "unitCode": "wmoUnit:degC",
          "value": 16.7,
          "qualityControl": "V"
        },
        "dewpoint": {
          "unitCode": "wmoUnit:degC",
          "value": 14.5,
          "qualityControl": "V"
        },
        "windDirection": {
          "unitCode": "wmoUnit:degree_(angle)",
          "value": 190,
          "qualityControl": "V"
        },
        "windSpeed": {
          "unitCode": "wmoUnit:km_h-1",
          "value": 9.36,
          "qualityControl": "V"
        },
        "windGust": {
          "unitCode": "wmoUnit:km_h-1",
          "value": null,
          "qualityControl": "Z"
        },
        "barometricPressure": {
          "unitCode": "wmoUnit:Pa",
          "value": 101050,
          "qualityControl": "V"
        },
        "seaLevelPressure": {
          "unitCode": "wmoUnit:Pa",
          "value": 101080,
          "qualityControl": "V"
        },
        "visibility": {
          "unitCode": "wmoUnit:m",
          "value": 9660,
          "qualityControl": "C"
        },
        "maxTemperatureLast24Hours": {
          "unitCode": "wmoUnit:degC",
          "value": null
        },
        "minTemperatureLast24Hours": {
          "unitCode": "wmoUnit:degC",
          "value": null
        },
        "precipitationLastHour": {
          "unitCode": "wmoUnit:mm",
          "value": null,
          "qualityControl": "Z"
        },
        "precipitationLast3Hours": {
          "unitCode": "wmoUnit:mm",
          "value": null,
          "qualityControl": "Z"
        },
        "precipitationLast6Hours": {
          "unitCode": "wmoUnit:mm",
          "value": null,
          "qualityControl": "Z"
        },
        "relativeHumidity": {
          "unitCode": "wmoUnit:percent",
          "value": 86.859446859433,
          "qualityControl": "V"
        },
        "windChill": {
          "unitCode": "wmoUnit:degC",
          "value": null,
          "qualityControl": "V"
        },
        "heatIndex": {
          "unitCode": "wmoUnit:degC",
          "value": null,
          "qualityControl": "V"
        },
        "cloudLayers": [
          {
            "base": {
              "unitCode": "wmoUnit:m",
              "value": null
            },
            "amount": "CLR"
          }
        ]
      }
    },
    null,
    {
      "id": "https://api.weather.gov/stations/KLAX/observations/2026-03-23T03:00:00+00:00",
      "type": "Feature",
      "geometry": {
        "type": "Point",
        "coordinates": [
          -118.4,
          33.93
        ]
      },
      "properties": {
        "@id": "https://api.weather.gov/stations/KLAX/observations/2026-03-23T03:00:00+00:00",
        "@type": "wx:ObservationStation",
        "elevation": {
          "unitCode": "wmoUnit:m",
          "value": 32
        },
        "station": "https://api.weather.gov/stations/KLAX",
        "stationId": "KLAX",
        "stationName": "Los Angeles, Los Angeles International Airport",
        "timestamp": "2026-03-23T03:00:00+00:00",
        "rawMessage": "",
        "textDescription": "Fog/Mist",
        "icon": "https://api.weather.gov/icons/land/night/fog?size=medium",
        "presentWeather": [
          {
            "intensity": null,
            "modifier": null,
            "weather": "fog_mist",
            "rawString": "BR"
          }
        ],
        "temperature": {
          "unitCode": "wmoUnit:degC",
          "value": 16,
          "qualityControl": "V"
        },
        "dewpoint": {
          "unitCode": "wmoUnit:degC",
          "value": 14,
          "qualityControl": "V"
        },
        "windDirection": {
          "unitCode": "wmoUnit:degree_(angle)",
          "value": 280,
          "qualityControl": "V"
        },
        "windSpeed": {
          "unitCode": "wmoUnit:km_h-1",
          "value": 12.96,
          "qualityControl": "V"
        },
        "windGust": {
          "unitCode": "wmoUnit:km_h-1",
          "value": null,
          "qualityControl": "Z"
        },
        "barometricPressure": {
          "unitCode": "wmoUnit:Pa",
          "value": 101185.29,
          "qualityControl": "V"
        },
        "seaLevelPressure": {
          "unitCode": "wmoUnit:Pa",
          "value": null,
          "qualityControl": "Z"
        },
        "visibility": {
          "unitCode": "wmoUnit:m",
          "value": 8046.72,
          "qualityControl": "C"
        },
        "maxTemperatureLast24Hours": {
          "unitCode": "wmoUnit:degC",
          "value": null
        },
        "minTemperatureLast24Hours": {
          "unitCode": "wmoUnit:degC",
          "value": null
        },
        "precipitationLast3Hours": {
          "unitCode": "wmoUnit:mm",
          "value": null,
          "qualityControl": "Z"
        },
        "relativeHumidity": {
          "unitCode": "wmoUnit:percent",
          "value": 87.926615024549,
          "qualityControl": "V"
        },
        "windChill": {
          "unitCode": "wmoUnit:degC",
          "value": null,
          "qualityControl": "V"
        },
        "heatIndex": {
          "unitCode": "wmoUnit:degC",
          "value": null,
          "qualityControl": "V"
        },
        "cloudLayers": [
          {
            "base": {
              "unitCode": "wmoUnit:m",
              "value": 213.36
            },
            "amount": "OVC"
          }
        ]
      }
    },
    {
      "id": "https://api.weather.gov/stations/KMAE/observations/2026-03-23T03:00:00+00:00",
      "type": "Feature",
      "geometry": {
        "type": "Point",
        "coordinates": [
          -119.9,
          36.98
        ]
      },
      "properties": {
        "@id": "https://api.weather.gov/stations/KMAE/observations/2026-03-23T03:00:00+00:00",
        "@type": "wx:ObservationStation",
        "elevation": {
          "unitCode": "wmoUnit:m",
          "value": 77
        },
        "station": "https://api.weather.gov/stations/KMAE",
        "stationId": "KMAE",
        "stationName": "Madera Municipal Airport",
        "timestamp": "2026-03-23T03:00:00+00:00",
        "rawMessage": "",
        "textDescription": "Clear",
        "icon": "https://api.weather.gov/icons/land/night/skc?size=medium",
        "presentWeather": [],
        "temperature": {
          "unitCode": "wmoUnit:degC",
          "value": 21,
          "qualityControl": "V"
        },
        "dewpoint": {
          "unitCode": "wmoUnit:degC",
          "value": 14,
          "qualityControl": "V"
        },
        "windDirection": {
          "unitCode": "wmoUnit:degree_(angle)",
          "value": 310,
          "qualityControl": "V"
        },
        "windSpeed": {
          "unitCode": "wmoUnit:km_h-1",
          "value": 7.416,
          "qualityControl": "V"
        },
        "windGust": {
          "unitCode": "wmoUnit:km_h-1",
          "value": null,
          "qualityControl": "Z"
        },
        "barometricPressure": {
          "unitCode": "wmoUnit:Pa",
          "value": 101286.88,
          "qualityControl": "V"
        },
        "seaLevelPressure": {
          "unitCode": "wmoUnit:Pa",
          "value": null,
          "qualityControl": "Z"
        },
        "visibility": {
          "unitCode": "wmoUnit:m",
          "value": 16093.44,
          "qualityControl": "C"
        },
        "maxTemperatureLast24Hours": {
          "unitCode": "wmoUnit:degC",
          "value": null
        },
        "minTemperatureLast24Hours": {
          "unitCode": "wmoUnit:degC",
          "value": null
        },
        "precipitationLast3Hours": {
          "unitCode": "wmoUnit:mm",
          "value": null,
          "qualityControl": "Z"
        },
        "relativeHumidity": {
          "unitCode": "wmoUnit:percent",
          "value": 64.287246008636,
          "qualityControl": "V"
        },
        "windChill": {
          "unitCode": "wmoUnit:degC",
          "value": null,
          "qualityControl": "V"
        },
        "heatIndex": {
          "unitCode": "wmoUnit:degC",
          "value": null,
          "qualityControl": "V"
        },
        "cloudLayers": [
          {
            "base": {
              "unitCode": "wmoUnit:m",
              "value": 3810
            },
            "amount": "CLR"
          }
        ]
      }
    },
    {
      "id": "https://api.weather.gov/stations/KMMH/observations/2026-03-23T02:55:00+00:00",
      "type": "Feature",
      "geometry": {
        "type": "Point",
        "coordinates": [
          -118.83,
          37.61
        ]
      },
      "properties": {
        "@id": "https://api.weather.gov/stations/KMMH/observations/2026-03-23T02:55:00+00:00",
        "@type": "wx:ObservationStation",
        "elevation": {
          "unitCode": "wmoUnit:m",
          "value": 2173
        },
        "station": "https://api.weather.gov/stations/KMMH",
        "stationId": "KMMH",
        "stationName": "Mammoth Yosemite Airport",
        "timestamp": "2026-03-23T02:55:00+00:00",
        "rawMessage": "KMMH 230255Z AUTO 29009KT 10SM CLR 15/M07 A3018 RMK AO2",
        "textDescription": "Clear",
        "icon": "https://api.weather.gov/icons/land/night/skc?size=medium",
        "presentWeather": [],
        "temperature": {
          "unitCode": "wmoUnit:degC",
          "value": 15,
          "qualityControl": "V"
        },
        "dewpoint": {
          "unitCode": "wmoUnit:degC",
          "value": -7,
          "qualityControl": "V"
        },
        "windDirection": {
          "unitCode": "wmoUnit:degree_(angle)",
          "value": 290,
          "qualityControl": "V"
        },
        "windSpeed": {
          "unitCode": "wmoUnit:km_h-1",
          "value": 16.56,
          "qualityControl": "V"
        },
        "windGust": {
          "unitCode": "wmoUnit:km_h-1",
          "value": null,
          "qualityControl": "Z"
        },
        "barometricPressure": {
          "unitCode": "wmoUnit:Pa",
          "value": 102200,
          "qualityControl": "V"
        },
        "seaLevelPressure": {
          "unitCode": "wmoUnit:Pa",
          "value": null,
          "qualityControl": "Z"
        },
        "visibility": {
          "unitCode": "wmoUnit:m",
          "value": 16090,
          "qualityControl": "C"
        },
        "maxTemperatureLast24Hours": {
          "unitCode": "wmoUnit:degC",
          "value": null
        },
        "minTemperatureLast24Hours": {
          "unitCode": "wmoUnit:degC",
          "value": null
        },
        "precipitationLastHour": {
          "unitCode": "wmoUnit:mm",
          "value": null,
          "qualityControl": "Z"
        },
        "precipitationLast3Hours": {
          "unitCode": "wmoUnit:mm",
          "value": null,
          "qualityControl": "Z"
        },
        "precipitationLast6Hours": {
          "unitCode": "wmoUnit:mm",
          "value": null,
          "qualityControl": "Z"
        },
        "relativeHumidity": {
          "unitCode": "wmoUnit:percent",
          "value": 21.283516416419,
          "qualityControl": "V"
        },
        "windChill": {
          "unitCode": "wmoUnit:degC",
          "value": null,
          "qualityControl": "V"
        },
        "heatIndex": {
          "unitCode": "wmoUnit:degC",
          "value": null,
          "qualityControl": "V"
        },
        "cloudLayers": [
          {
            "base": {
              "unitCode": "wmoUnit:m",
              "value": null
            },
            "amount": "CLR"
          }
        ]
      }
    },
    {
      "id": "https://api.weather.gov/stations/KMYV/observations/2026-03-23T03:00:00+00:00",
      "type": "Feature",
      "geometry": {
        "type": "Point",
        "coordinates": [
          -121.57,
          39.1
        ]
      },
      "properties": {
        "@id": "https://api.weather.gov/stations/KMYV/observations/2026-03-23T03:00:00+00:00",
        "@type": "wx:ObservationStation",
        "elevation": {
          "unitCode": "wmoUnit:m",
          "value": 19
        },
        "station": "https://api.weather.gov/stations/KMYV",
        "stationId": "KMYV",
        "stationName": "Marysville, Yuba County Airport",
        "timestamp": "2026-03-23T03:00:00+00:00",
        "rawMessage": "",
        "textDescription": "Clear",
        "icon": "https://api.weather.gov/icons/land/night/skc?size=medium",
        "presentWeather": [],
        "temperature": {
          "unitCode": "wmoUnit:degC",
          "value": 22,
          "qualityControl": "V"
        },
        "dewpoint": {
          "unitCode": "wmoUnit:degC",
          "value": 13,
          "qualityControl": "V"
        },
        "windDirection": {
          "unitCode": "wmoUnit:degree_(angle)",
          "value": 120,
          "qualityControl": "V"
        },
        "windSpeed": {
          "unitCode": "wmoUnit:km_h-1",
          "value": 9.252,
          "qualityControl": "V"
        },
        "windGust": {
          "unitCode": "wmoUnit:km_h-1",
          "value": null,
          "qualityControl": "Z"
        },
        "barometricPressure": {
          "unitCode": "wmoUnit:Pa",
          "value": 101219.16,
          "qualityControl": "V"
        },
        "seaLevelPressure": {
          "unitCode": "wmoUnit:Pa",
          "value": null,
          "qualityControl": "Z"
        },
        "visibility": {
          "unitCode": "wmoUnit:m",
          "value": 16093.44,
          "qualityControl": "C"
        },
        "maxTemperatureLast24Hours": {
          "unitCode": "wmoUnit:degC",
          "value": null
        },
        "minTemperatureLast24Hours": {
          "unitCode": "wmoUnit:degC",
          "value": null
        },
        "precipitationLast3Hours": {
          "unitCode": "wmoUnit:mm",
          "value": null,
          "qualityControl": "Z"
        },
        "relativeHumidity": {
          "unitCode": "wmoUnit:percent",
          "value": 56.659698507038,
          "qualityControl": "V"
        },
        "windChill": {
          "unitCode": "wmoUnit:degC",
          "value": null,
          "qualityControl": "V"
        },
        "heatIndex": {
          "unitCode": "wmoUnit:degC",
          "value": 21.735003238795,
          "qualityControl": "V"
        },
        "cloudLayers": [
          {
            "base": {
              "unitCode": "wmoUnit:m",
              "value": 3810
            },
            "amount": "CLR"
          }
        ]
      }
    },
    {
      "id": "https://api.weather.gov/stations/KMHR/observations/2026-03-23T02:35:00+00:00",
      "type": "Feature",
      "geometry": {
        "type": "Point",
        "coordinates": [
          -121.3,
          38.54
        ]
      },
      "properties": {
        "@id": "https://api.weather.gov/stations/KMHR/observations/2026-03-23T02:35:00+00:00",
        "@type": "wx:ObservationStation",
        "elevation": {
          "unitCode": "wmoUnit:m",
          "value": 29
        },
        "station": "https://api.weather.gov/stations/KMHR",
        "stationId": "KMHR",
        "stationName": "Sacramento Mather Airport",
        "timestamp": "2026-03-23T02:35:00+00:00",
        "rawMessage": "KMHR 230235Z AUTO 21006KT 10SM CLR 22/13 A2988 RMK AO2",
        "textDescription": "Clear",
        "icon": "https://api.weather.gov/icons/land/night/skc?size=medium",
        "presentWeather": [],
        "temperature": {
          "unitCode": "wmoUnit:degC",
          "value": 22,
          "qualityControl": "V"
        },
        "dewpoint": {
          "unitCode": "wmoUnit:degC",
          "value": 13,
          "qualityControl": "V"
        },
        "windDirection": {
          "unitCode": "wmoUnit:degree_(angle)",
          "value": 210,
          "qualityControl": "V"
        },
        "windSpeed": {
          "unitCode": "wmoUnit:km_h-1",
          "value": 11.16,
          "qualityControl": "V"
        },
        "windGust": {
          "unitCode": "wmoUnit:km_h-1",
          "value": null,
          "qualityControl": "Z"
        },
        "barometricPressure": {
          "unitCode": "wmoUnit:Pa",
          "value": 101190,
          "qualityControl": "V"
        },
        "seaLevelPressure": {
          "unitCode": "wmoUnit:Pa",
          "value": null,
          "qualityControl": "Z"
        },
        "visibility": {
          "unitCode": "wmoUnit:m",
          "value": 16090,
          "qualityControl": "C"
        },
        "maxTemperatureLast24Hours": {
          "unitCode": "wmoUnit:degC",
          "value": null
        },
        "minTemperatureLast24Hours": {
          "unitCode": "wmoUnit:degC",
          "value": null
        },
        "precipitationLastHour": {
          "unitCode": "wmoUnit:mm",
          "value": null,
          "qualityControl": "Z"
        },
        "precipitationLast3Hours": {
          "unitCode": "wmoUnit:mm",
          "value": null,
          "qualityControl": "Z"
        },
        "precipitationLast6Hours": {
          "unitCode": "wmoUnit:mm",
          "value": null,
          "qualityControl": "Z"
        },
        "relativeHumidity": {
          "unitCode": "wmoUnit:percent",
          "value": 56.659698507038,
          "qualityControl": "V"
        },
        "windChill": {
          "unitCode": "wmoUnit:degC",
          "value": null,
          "qualityControl": "V"
        },
        "heatIndex": {
          "unitCode": "wmoUnit:degC",
          "value": 21.735003238795,
          "qualityControl": "V"
        },
        "cloudLayers": [
          {
            "base": {
              "unitCode": "wmoUnit:m",
              "value": null
            },
            "amount": "CLR"
          }
        ]
      }
    },
    {
      "id": "https://api.weather.gov/stations/KMCC/observations/2026-03-23T02:40:00+00:00",
      "type": "Feature",
      "geometry": {
        "type": "Point",
        "coordinates": [
          -121.4,
          38.67
        ]
      },
      "properties": {
        "@id": "https://api.weather.gov/stations/KMCC/observations/2026-03-23T02:40:00+00:00",
        "@type": "wx:ObservationStation",
        "elevation": {
          "unitCode": "wmoUnit:m",
          "value": 23
        },
        "station": "https://api.weather.gov/stations/KMCC",
        "stationId": "KMCC",
        "stationName": "Sacramento, McClellan Airfield Airport",
        "timestamp": "2026-03-23T02:40:00+00:00",
        "rawMessage": "KMCC 230240Z AUTO 20007KT 10SM CLR 25/12 A2988 RMK AO2",
        "textDescription": "Clear",
        "icon": "https://api.weather.gov/icons/land/night/skc?size=medium",
        "presentWeather": [],
        "temperature": {
          "unitCode": "wmoUnit:degC",
          "value": 25,
          "qualityControl": "V"
        },
        "dewpoint": {
          "unitCode": "wmoUnit:degC",
          "value": 12,
          "qualityControl": "V"
        },
        "windDirection": {
          "unitCode": "wmoUnit:degree_(angle)",
          "value": 200,
          "qualityControl": "V"
        },
        "windSpeed": {
          "unitCode": "wmoUnit:km_h-1",
          "value": 12.96,
          "qualityControl": "V"
        },
        "windGust": {
          "unitCode": "wmoUnit:km_h-1",
          "value": null,
          "qualityControl": "Z"
        },
        "barometricPressure": {
          "unitCode": "wmoUnit:Pa",
          "value": 101190,
          "qualityControl": "V"
        },
        "seaLevelPressure": {
          "unitCode": "wmoUnit:Pa",
          "value": null,
          "qualityControl": "Z"
        },
        "visibility": {
          "unitCode": "wmoUnit:m",
          "value": 16090,
          "qualityControl": "C"
        },
        "maxTemperatureLast24Hours": {
          "unitCode": "wmoUnit:degC",
          "value": null
        },
        "minTemperatureLast24Hours": {
          "unitCode": "wmoUnit:degC",
          "value": null
        },
        "precipitationLastHour": {
          "unitCode": "wmoUnit:mm",
          "value": null,
          "qualityControl": "Z"
        },
        "precipitationLast3Hours": {
          "unitCode": "wmoUnit:mm",
          "value": null,
          "qualityControl": "Z"
        },
        "precipitationLast6Hours": {
          "unitCode": "wmoUnit:mm",
          "value": null,
          "qualityControl": "Z"
        },
        "relativeHumidity": {
          "unitCode": "wmoUnit:percent",
          "value": 44.281814632319,
          "qualityControl": "V"
        },
        "windChill": {
          "unitCode": "wmoUnit:degC",
          "value": null,
          "qualityControl": "V"
        },
        "heatIndex": {
          "unitCode": "wmoUnit:degC",
          "value": 24.711802937621666,
          "qualityControl": "V"
        },
        "cloudLayers": [
          {
            "base": {
              "unitCode": "wmoUnit:m",
              "value": null
            },
            "amount": "CLR"
          }
        ]
      }
    },
    null,
    {
      "id": "https://api.weather.gov/stations/KMCE/observations/2026-03-23T03:00:00+00:00",
      "type": "Feature",
      "geometry": {
        "type": "Point",
        "coordinates": [
          -120.52,
          37.28
        ]
      },
      "properties": {
        "@id": "https://api.weather.gov/stations/KMCE/observations/2026-03-23T03:00:00+00:00",
        "@type": "wx:ObservationStation",
        "elevation": {
          "unitCode": "wmoUnit:m",
          "value": 47
        },
        "station": "https://api.weather.gov/stations/KMCE",
        "stationId": "KMCE",
        "stationName": "Merced Regional Airport",
        "timestamp": "2026-03-23T03:00:00+00:00",
        "rawMessage": "",
        "textDescription": "Clear",
        "icon": "https://api.weather.gov/icons/land/night/skc?size=medium",
        "presentWeather": [],
        "temperature": {
          "unitCode": "wmoUnit:degC",
          "value": 21,
          "qualityControl": "V"
        },
        "dewpoint": {
          "unitCode": "wmoUnit:degC",
          "value": 13,
          "qualityControl": "V"
        },
        "windDirection": {
          "unitCode": "wmoUnit:degree_(angle)",
          "value": 330,
          "qualityControl": "V"
        },
        "windSpeed": {
          "unitCode": "wmoUnit:km_h-1",
          "value": 7.416,
          "qualityControl": "V"
        },
        "windGust": {
          "unitCode": "wmoUnit:km_h-1",
          "value": null,
          "qualityControl": "Z"
        },
        "barometricPressure": {
          "unitCode": "wmoUnit:Pa",
          "value": 101219.16,
          "qualityControl": "V"
        },
        "seaLevelPressure": {
          "unitCode": "wmoUnit:Pa",
          "value": null,
          "qualityControl": "Z"
        },
        "visibility": {
          "unitCode": "wmoUnit:m",
          "value": 16093.44,
          "qualityControl": "C"
        },
        "maxTemperatureLast24Hours": {
          "unitCode": "wmoUnit:degC",
          "value": null
        },
        "minTemperatureLast24Hours": {
          "unitCode": "wmoUnit:degC",
          "value": null
        },
        "precipitationLast3Hours": {
          "unitCode": "wmoUnit:mm",
          "value": null,
          "qualityControl": "Z"
        },
        "relativeHumidity": {
          "unitCode": "wmoUnit:percent",
          "value": 60.236208780511,
          "qualityControl": "V"
        },
        "windChill": {
          "unitCode": "wmoUnit:degC",
          "value": null,
          "qualityControl": "V"
        },
        "heatIndex": {
          "unitCode": "wmoUnit:degC",
          "value": null,
          "qualityControl": "V"
        },
        "cloudLayers": [
          {
            "base": {
              "unitCode": "wmoUnit:m",
              "value": 3810
            },
            "amount": "CLR"
          }
        ]
      }
    },
    {
      "id": "https://api.weather.gov/stations/KNKX/observations/2026-03-23T02:55:00+00:00",
      "type": "Feature",
      "geometry": {
        "type": "Point",
        "coordinates": [
          -117.12,
          32.85
        ]
      },
      "properties": {
        "@id": "https://api.weather.gov/stations/KNKX/observations/2026-03-23T02:55:00+00:00",
        "@type": "wx:ObservationStation",
        "elevation": {
          "unitCode": "wmoUnit:m",
          "value": 128
        },
        "station": "https://api.weather.gov/stations/KNKX",
        "stationId": "KNKX",
        "stationName": "San Diego, Miramar MCAS/Mitscher Field Airport",
        "timestamp": "2026-03-23T02:55:00+00:00",
        "rawMessage": "KNKX 230255Z 32003KT CLR 16/14 A2988 RMK AO2 SLP115 T01610139 53003 $",
        "textDescription": "Clear",
        "icon": "https://api.weather.gov/icons/land/night/skc?size=medium",
        "presentWeather": [],
        "temperature": {
          "unitCode": "wmoUnit:degC",
          "value": 16.1,
          "qualityControl": "V"
        },
        "dewpoint": {
          "unitCode": "wmoUnit:degC",
          "value": 13.9,
          "qualityControl": "V"
        },
        "windDirection": {
          "unitCode": "wmoUnit:degree_(angle)",
          "value": 320,
          "qualityControl": "V"
        },
        "windSpeed": {
          "unitCode": "wmoUnit:km_h-1",
          "value": 5.4,
          "qualityControl": "V"
        },
        "windGust": {
          "unitCode": "wmoUnit:km_h-1",
          "value": null,
          "qualityControl": "Z"
        },
        "barometricPressure": {
          "unitCode": "wmoUnit:Pa",
          "value": 101190,
          "qualityControl": "V"
        },
        "seaLevelPressure": {
          "unitCode": "wmoUnit:Pa",
          "value": 101150,
          "qualityControl": "V"
        },
        "visibility": {
          "unitCode": "wmoUnit:m",
          "value": null,
          "qualityControl": "Z"
        },
        "maxTemperatureLast24Hours": {
          "unitCode": "wmoUnit:degC",
          "value": null
        },
        "minTemperatureLast24Hours": {
          "unitCode": "wmoUnit:degC",
          "value": null
        },
        "precipitationLastHour": {
          "unitCode": "wmoUnit:mm",
          "value": null,
          "qualityControl": "Z"
        },
        "precipitationLast3Hours": {
          "unitCode": "wmoUnit:mm",
          "value": null,
          "qualityControl": "Z"
        },
        "precipitationLast6Hours": {
          "unitCode": "wmoUnit:mm",
          "value": null,
          "qualityControl": "Z"
        },
        "relativeHumidity": {
          "unitCode": "wmoUnit:percent",
          "value": 86.802492444119,
          "qualityControl": "V"
        },
        "windChill": {
          "unitCode": "wmoUnit:degC",
          "value": null,
          "qualityControl": "V"
        },
        "heatIndex": {
          "unitCode": "wmoUnit:degC",
          "value": null,
          "qualityControl": "V"
        },
        "cloudLayers": [
          {
            "base": {
              "unitCode": "wmoUnit:m",
              "value": null
            },
            "amount": "CLR"
          }
        ]
      }
    },
    {
      "id": "https://api.weather.gov/stations/KMOD/observations/2026-03-23T03:00:00+00:00",
      "type": "Feature",
      "geometry": {
        "type": "Point",
        "coordinates": [
          -120.95,
          37.63
        ]
      },
      "properties": {
        "@id": "https://api.weather.gov/stations/KMOD/observations/2026-03-23T03:00:00+00:00",
        "@type": "wx:ObservationStation",
        "elevation": {
          "unitCode": "wmoUnit:m",
          "value": 30
        },
        "station": "https://api.weather.gov/stations/KMOD",
        "stationId": "KMOD",
        "stationName": "Modesto City-County Airport - Harry Sham Field",
        "timestamp": "2026-03-23T03:00:00+00:00",
        "rawMessage": "",
        "textDescription": "Clear",
        "icon": "https://api.weather.gov/icons/land/night/skc?size=medium",
        "presentWeather": [],
        "temperature": {
          "unitCode": "wmoUnit:degC",
          "value": 22,
          "qualityControl": "V"
        },
        "dewpoint": {
          "unitCode": "wmoUnit:degC",
          "value": 11,
          "qualityControl": "V"
        },
        "windDirection": {
          "unitCode": "wmoUnit:degree_(angle)",
          "value": 330,
          "qualityControl": "V"
        },
        "windSpeed": {
          "unitCode": "wmoUnit:km_h-1",
          "value": 9.252,
          "qualityControl": "V"
        },
        "windGust": {
          "unitCode": "wmoUnit:km_h-1",
          "value": null,
          "qualityControl": "Z"
        },
        "barometricPressure": {
          "unitCode": "wmoUnit:Pa",
          "value": 101219.16,
          "qualityControl": "V"
        },
        "seaLevelPressure": {
          "unitCode": "wmoUnit:Pa",
          "value": null,
          "qualityControl": "Z"
        },
        "visibility": {
          "unitCode": "wmoUnit:m",
          "value": 16093.44,
          "qualityControl": "C"
        },
        "maxTemperatureLast24Hours": {
          "unitCode": "wmoUnit:degC",
          "value": null
        },
        "minTemperatureLast24Hours": {
          "unitCode": "wmoUnit:degC",
          "value": null
        },
        "precipitationLast3Hours": {
          "unitCode": "wmoUnit:mm",
          "value": null,
          "qualityControl": "Z"
        },
        "relativeHumidity": {
          "unitCode": "wmoUnit:percent",
          "value": 49.667494492032,
          "qualityControl": "V"
        },
        "windChill": {
          "unitCode": "wmoUnit:degC",
          "value": null,
          "qualityControl": "V"
        },
        "heatIndex": {
          "unitCode": "wmoUnit:degC",
          "value": 21.55242902284778,
          "qualityControl": "V"
        },
        "cloudLayers": [
          {
            "base": {
              "unitCode": "wmoUnit:m",
              "value": 3810
            },
            "amount": "CLR"
          }
        ]
      }
    },
    {
      "id": "https://api.weather.gov/stations/KNUQ/observations/2026-03-23T02:35:00+00:00",
      "type": "Feature",
      "geometry": {
        "type": "Point",
        "coordinates": [
          -122.05,
          37.42
        ]
      },
      "properties": {
        "@id": "https://api.weather.gov/stations/KNUQ/observations/2026-03-23T02:35:00+00:00",
        "@type": "wx:ObservationStation",
        "elevation": {
          "unitCode": "wmoUnit:m",
          "value": 12
        },
        "station": "https://api.weather.gov/stations/KNUQ",
        "stationId": "KNUQ",
        "stationName": "Mountain View, Moffett Field",
        "timestamp": "2026-03-23T02:35:00+00:00",
        "rawMessage": "KNUQ 230235Z AUTO 34009KT 7SM CLR 17/12 A2996 RMK AO2",
        "textDescription": "Clear",
        "icon": "https://api.weather.gov/icons/land/night/skc?size=medium",
        "presentWeather": [],
        "temperature": {
          "unitCode": "wmoUnit:degC",
          "value": 17,
          "qualityControl": "V"
        },
        "dewpoint": {
          "unitCode": "wmoUnit:degC",
          "value": 12,
          "qualityControl": "V"
        },
        "windDirection": {
          "unitCode": "wmoUnit:degree_(angle)",
          "value": 340,
          "qualityControl": "V"
        },
        "windSpeed": {
          "unitCode": "wmoUnit:km_h-1",
          "value": 16.56,
          "qualityControl": "V"
        },
        "windGust": {
          "unitCode": "wmoUnit:km_h-1",
          "value": null,
          "qualityControl": "Z"
        },
        "barometricPressure": {
          "unitCode": "wmoUnit:Pa",
          "value": 101460,
          "qualityControl": "V"
        },
        "seaLevelPressure": {
          "unitCode": "wmoUnit:Pa",
          "value": null,
          "qualityControl": "Z"
        },
        "visibility": {
          "unitCode": "wmoUnit:m",
          "value": 11270,
          "qualityControl": "C"
        },
        "maxTemperatureLast24Hours": {
          "unitCode": "wmoUnit:degC",
          "value": null
        },
        "minTemperatureLast24Hours": {
          "unitCode": "wmoUnit:degC",
          "value": null
        },
        "precipitationLastHour": {
          "unitCode": "wmoUnit:mm",
          "value": null,
          "qualityControl": "Z"
        },
        "precipitationLast3Hours": {
          "unitCode": "wmoUnit:mm",
          "value": null,
          "qualityControl": "Z"
        },
        "precipitationLast6Hours": {
          "unitCode": "wmoUnit:mm",
          "value": null,
          "qualityControl": "Z"
        },
        "relativeHumidity": {
          "unitCode": "wmoUnit:percent",
          "value": 72.401374699018,
          "qualityControl": "V"
        },
        "windChill": {
          "unitCode": "wmoUnit:degC",
          "value": null,
          "qualityControl": "V"
        },
        "heatIndex": {
          "unitCode": "wmoUnit:degC",
          "value": null,
          "qualityControl": "V"
        },
        "cloudLayers": [
          {
            "base": {
              "unitCode": "wmoUnit:m",
              "value": null
            },
            "amount": "CLR"
          }
        ]
      }
    },
    {
      "id": "https://api.weather.gov/stations/KMHV/observations/2026-03-23T02:55:00+00:00",
      "type": "Feature",
      "geometry": {
        "type": "Point",
        "coordinates": [
          -118.15,
          35.07
        ]
      },
      "properties": {
        "@id": "https://api.weather.gov/stations/KMHV/observations/2026-03-23T02:55:00+00:00",
        "@type": "wx:ObservationStation",
        "elevation": {
          "unitCode": "wmoUnit:m",
          "value": 849
        },
        "station": "https://api.weather.gov/stations/KMHV",
        "stationId": "KMHV",
        "stationName": "Mojave",
        "timestamp": "2026-03-23T02:55:00+00:00",
        "rawMessage": "KMHV 230255Z AUTO 31021KT 10SM CLR 23/10 A2991 RMK AO2 PK WND 31026/0243 T02310104 55000 $",
        "textDescription": "Clear and Windy",
        "icon": "https://api.weather.gov/icons/land/night/wind_skc?size=medium",
        "presentWeather": [],
        "temperature": {
          "unitCode": "wmoUnit:degC",
          "value": 23.1,
          "qualityControl": "V"
        },
        "dewpoint": {
          "unitCode": "wmoUnit:degC",
          "value": 10.4,
          "qualityControl": "V"
        },
        "windDirection": {
          "unitCode": "wmoUnit:degree_(angle)",
          "value": 310,
          "qualityControl": "V"
        },
        "windSpeed": {
          "unitCode": "wmoUnit:km_h-1",
          "value": 38.88,
          "qualityControl": "V"
        },
        "windGust": {
          "unitCode": "wmoUnit:km_h-1",
          "value": null,
          "qualityControl": "Z"
        },
        "barometricPressure": {
          "unitCode": "wmoUnit:Pa",
          "value": 101290,
          "qualityControl": "V"
        },
        "seaLevelPressure": {
          "unitCode": "wmoUnit:Pa",
          "value": null,
          "qualityControl": "Z"
        },
        "visibility": {
          "unitCode": "wmoUnit:m",
          "value": 16090,
          "qualityControl": "C"
        },
        "maxTemperatureLast24Hours": {
          "unitCode": "wmoUnit:degC",
          "value": null
        },
        "minTemperatureLast24Hours": {
          "unitCode": "wmoUnit:degC",
          "value": null
        },
        "precipitationLastHour": {
          "unitCode": "wmoUnit:mm",
          "value": null,
          "qualityControl": "Z"
        },
        "precipitationLast3Hours": {
          "unitCode": "wmoUnit:mm",
          "value": null,
          "qualityControl": "Z"
        },
        "precipitationLast6Hours": {
          "unitCode": "wmoUnit:mm",
          "value": null,
          "qualityControl": "Z"
        },
        "relativeHumidity": {
          "unitCode": "wmoUnit:percent",
          "value": 44.640045521263,
          "qualityControl": "V"
        },
        "windChill": {
          "unitCode": "wmoUnit:degC",
          "value": null,
          "qualityControl": "V"
        },
        "heatIndex": {
          "unitCode": "wmoUnit:degC",
          "value": 22.631156744166113,
          "qualityControl": "V"
        },
        "cloudLayers": [
          {
            "base": {
              "unitCode": "wmoUnit:m",
              "value": null
            },
            "amount": "CLR"
          }
        ]
      }
    },
    {
      "id": "https://api.weather.gov/stations/KSIY/observations/2026-03-23T02:30:00+00:00",
      "type": "Feature",
      "geometry": {
        "type": "Point",
        "coordinates": [
          -122.47,
          41.78
        ]
      },
      "properties": {
        "@id": "https://api.weather.gov/stations/KSIY/observations/2026-03-23T02:30:00+00:00",
        "@type": "wx:ObservationStation",
        "elevation": {
          "unitCode": "wmoUnit:m",
          "value": 807
        },
        "station": "https://api.weather.gov/stations/KSIY",
        "stationId": "KSIY",
        "stationName": "Montague Siskiyou County Airport",
        "timestamp": "2026-03-23T02:30:00+00:00",
        "rawMessage": "",
        "textDescription": "Clear",
        "icon": "https://api.weather.gov/icons/land/night/skc?size=medium",
        "presentWeather": [],
        "temperature": {
          "unitCode": "wmoUnit:degC",
          "value": 13,
          "qualityControl": "V"
        },
        "dewpoint": {
          "unitCode": "wmoUnit:degC",
          "value": 4,
          "qualityControl": "V"
        },
        "windDirection": {
          "unitCode": "wmoUnit:degree_(angle)",
          "value": 0,
          "qualityControl": "V"
        },
        "windSpeed": {
          "unitCode": "wmoUnit:km_h-1",
          "value": 0,
          "qualityControl": "V"
        },
        "windGust": {
          "unitCode": "wmoUnit:km_h-1",
          "value": null,
          "qualityControl": "Z"
        },
        "barometricPressure": {
          "unitCode": "wmoUnit:Pa",
          "value": 101659.39,
          "qualityControl": "V"
        },
        "seaLevelPressure": {
          "unitCode": "wmoUnit:Pa",
          "value": null,
          "qualityControl": "Z"
        },
        "visibility": {
          "unitCode": "wmoUnit:m",
          "value": 16093.44,
          "qualityControl": "C"
        },
        "maxTemperatureLast24Hours": {
          "unitCode": "wmoUnit:degC",
          "value": null
        },
        "minTemperatureLast24Hours": {
          "unitCode": "wmoUnit:degC",
          "value": null
        },
        "precipitationLast3Hours": {
          "unitCode": "wmoUnit:mm",
          "value": null,
          "qualityControl": "Z"
        },
        "relativeHumidity": {
          "unitCode": "wmoUnit:percent",
          "value": 54.362216651364,
          "qualityControl": "V"
        },
        "windChill": {
          "unitCode": "wmoUnit:degC",
          "value": null,
          "qualityControl": "V"
        },
        "heatIndex": {
          "unitCode": "wmoUnit:degC",
          "value": null,
          "qualityControl": "V"
        },
        "cloudLayers": [
          {
            "base": {
              "unitCode": "wmoUnit:m",
              "value": 3810
            },
            "amount": "CLR"
          }
        ]
      }
    },
    {
      "id": "https://api.weather.gov/stations/KMRY/observations/2026-03-23T03:00:00+00:00",
      "type": "Feature",
      "geometry": {
        "type": "Point",
        "coordinates": [
          -121.85,
          36.58
        ]
      },
      "properties": {
        "@id": "https://api.weather.gov/stations/KMRY/observations/2026-03-23T03:00:00+00:00",
        "@type": "wx:ObservationStation",
        "elevation": {
          "unitCode": "wmoUnit:m",
          "value": 77
        },
        "station": "https://api.weather.gov/stations/KMRY",
        "stationId": "KMRY",
        "stationName": "Monterey Regional Airport",
        "timestamp": "2026-03-23T03:00:00+00:00",
        "rawMessage": "",
        "textDescription": "Clear",
        "icon": "https://api.weather.gov/icons/land/night/skc?size=medium",
        "presentWeather": [],
        "temperature": {
          "unitCode": "wmoUnit:degC",
          "value": 13,
          "qualityControl": "V"
        },
        "dewpoint": {
          "unitCode": "wmoUnit:degC",
          "value": 9,
          "qualityControl": "V"
        },
        "windDirection": {
          "unitCode": "wmoUnit:degree_(angle)",
          "value": 240,
          "qualityControl": "V"
        },
        "windSpeed": {
          "unitCode": "wmoUnit:km_h-1",
          "value": 12.96,
          "qualityControl": "V"
        },
        "windGust": {
          "unitCode": "wmoUnit:km_h-1",
          "value": null,
          "qualityControl": "Z"
        },
        "barometricPressure": {
          "unitCode": "wmoUnit:Pa",
          "value": 101523.93,
          "qualityControl": "V"
        },
        "seaLevelPressure": {
          "unitCode": "wmoUnit:Pa",
          "value": null,
          "qualityControl": "Z"
        },
        "visibility": {
          "unitCode": "wmoUnit:m",
          "value": 16093.44,
          "qualityControl": "C"
        },
        "maxTemperatureLast24Hours": {
          "unitCode": "wmoUnit:degC",
          "value": null
        },
        "minTemperatureLast24Hours": {
          "unitCode": "wmoUnit:degC",
          "value": null
        },
        "precipitationLast3Hours": {
          "unitCode": "wmoUnit:mm",
          "value": null,
          "qualityControl": "Z"
        },
        "relativeHumidity": {
          "unitCode": "wmoUnit:percent",
          "value": 76.681069549305,
          "qualityControl": "V"
        },
        "windChill": {
          "unitCode": "wmoUnit:degC",
          "value": null,
          "qualityControl": "V"
        },
        "heatIndex": {
          "unitCode": "wmoUnit:degC",
          "value": null,
          "qualityControl": "V"
        },
        "cloudLayers": [
          {
            "base": {
              "unitCode": "wmoUnit:m",
              "value": 3810
            },
            "amount": "CLR"
          }
        ]
      }
    },
    {
      "id": "https://api.weather.gov/stations/KMHS/observations/2026-03-23T01:56:00+00:00",
      "type": "Feature",
      "geometry": {
        "type": "Point",
        "coordinates": [
          -122.32,
          41.32
        ]
      },
      "properties": {
        "@id": "https://api.weather.gov/stations/KMHS/observations/2026-03-23T01:56:00+00:00",
        "@type": "wx:ObservationStation",
        "elevation": {
          "unitCode": "wmoUnit:m",
          "value": 1080
        },
        "station": "https://api.weather.gov/stations/KMHS",
        "stationId": "KMHS",
        "stationName": "Mount Shasta",
        "timestamp": "2026-03-23T01:56:00+00:00",
        "rawMessage": "",
        "textDescription": "",
        "icon": null,
        "presentWeather": [],
        "temperature": {
          "unitCode": "wmoUnit:degC",
          "value": 14.4,
          "qualityControl": "V"
        },
        "dewpoint": {
          "unitCode": "wmoUnit:degC",
          "value": 1.7,
          "qualityControl": "V"
        },
        "windDirection": {
          "unitCode": "wmoUnit:degree_(angle)",
          "value": 0,
          "qualityControl": "V"
        },
        "windSpeed": {
          "unitCode": "wmoUnit:km_h-1",
          "value": 0,
          "qualityControl": "V"
        },
        "windGust": {
          "unitCode": "wmoUnit:km_h-1",
          "value": null,
          "qualityControl": "Z"
        },
        "barometricPressure": {
          "unitCode": "wmoUnit:Pa",
          "value": 101630,
          "qualityControl": "V"
        },
        "seaLevelPressure": {
          "unitCode": "wmoUnit:Pa",
          "value": 101760,
          "qualityControl": "V"
        },
        "visibility": {
          "unitCode": "wmoUnit:m",
          "value": 16090,
          "qualityControl": "C"
        },
        "maxTemperatureLast24Hours": {
          "unitCode": "wmoUnit:degC",
          "value": null
        },
        "minTemperatureLast24Hours": {
          "unitCode": "wmoUnit:degC",
          "value": null
        },
        "precipitationLastHour": {
          "unitCode": "wmoUnit:mm",
          "value": null,
          "qualityControl": "Z"
        },
        "precipitationLast3Hours": {
          "unitCode": "wmoUnit:mm",
          "value": null,
          "qualityControl": "Z"
        },
        "precipitationLast6Hours": {
          "unitCode": "wmoUnit:mm",
          "value": null,
          "qualityControl": "Z"
        },
        "relativeHumidity": {
          "unitCode": "wmoUnit:percent",
          "value": 42.171103805809,
          "qualityControl": "V"
        },
        "windChill": {
          "unitCode": "wmoUnit:degC",
          "value": null,
          "qualityControl": "V"
        },
        "heatIndex": {
          "unitCode": "wmoUnit:degC",
          "value": null,
          "qualityControl": "V"
        },
        "cloudLayers": []
      }
    },
    {
      "id": "https://api.weather.gov/stations/KMWS/observations/2026-03-23T02:20:00+00:00",
      "type": "Feature",
      "geometry": {
        "type": "Point",
        "coordinates": [
          -118.07,
          34.22
        ]
      },
      "properties": {
        "@id": "https://api.weather.gov/stations/KMWS/observations/2026-03-23T02:20:00+00:00",
        "@type": "wx:ObservationStation",
        "elevation": {
          "unitCode": "wmoUnit:m",
          "value": 1739
        },
        "station": "https://api.weather.gov/stations/KMWS",
        "stationId": "KMWS",
        "stationName": "MOUNT WILSON",
        "timestamp": "2026-03-23T02:20:00+00:00",
        "rawMessage": "KVNY 230151Z 14006KT 10SM CLR 24",
        "textDescription": "",
        "icon": null,
        "presentWeather": [],
        "temperature": {
          "unitCode": "wmoUnit:degC",
          "value": 18,
          "qualityControl": "V"
        },
        "dewpoint": {
          "unitCode": "wmoUnit:degC",
          "value": null,
          "qualityControl": "Z"
        },
        "windDirection": {
          "unitCode": "wmoUnit:degree_(angle)",
          "value": 190,
          "qualityControl": "V"
        },
        "windSpeed": {
          "unitCode": "wmoUnit:km_h-1",
          "value": 1.8,
          "qualityControl": "V"
        },
        "windGust": {
          "unitCode": "wmoUnit:km_h-1",
          "value": null,
          "qualityControl": "Z"
        },
        "barometricPressure": {
          "unitCode": "wmoUnit:Pa",
          "value": null,
          "qualityControl": "Z"
        },
        "seaLevelPressure": {
          "unitCode": "wmoUnit:Pa",
          "value": null,
          "qualityControl": "Z"
        },
        "visibility": {
          "unitCode": "wmoUnit:m",
          "value": null,
          "qualityControl": "Z"
        },
        "maxTemperatureLast24Hours": {
          "unitCode": "wmoUnit:degC",
          "value": null
        },
        "minTemperatureLast24Hours": {
          "unitCode": "wmoUnit:degC",
          "value": null
        },
        "precipitationLastHour": {
          "unitCode": "wmoUnit:mm",
          "value": null,
          "qualityControl": "Z"
        },
        "precipitationLast3Hours": {
          "unitCode": "wmoUnit:mm",
          "value": null,
          "qualityControl": "Z"
        },
        "precipitationLast6Hours": {
          "unitCode": "wmoUnit:mm",
          "value": null,
          "qualityControl": "Z"
        },
        "relativeHumidity": {
          "unitCode": "wmoUnit:percent",
          "value": null,
          "qualityControl": "V"
        },
        "windChill": {
          "unitCode": "wmoUnit:degC",
          "value": null,
          "qualityControl": "V"
        },
        "heatIndex": {
          "unitCode": "wmoUnit:degC",
          "value": null,
          "qualityControl": "V"
        },
        "cloudLayers": []
      }
    },
    {
      "id": "https://api.weather.gov/stations/KF70/observations/2026-03-23T02:55:00+00:00",
      "type": "Feature",
      "geometry": {
        "type": "Point",
        "coordinates": [
          -117.13,
          33.57
        ]
      },
      "properties": {
        "@id": "https://api.weather.gov/stations/KF70/observations/2026-03-23T02:55:00+00:00",
        "@type": "wx:ObservationStation",
        "elevation": {
          "unitCode": "wmoUnit:m",
          "value": 412
        },
        "station": "https://api.weather.gov/stations/KF70",
        "stationId": "KF70",
        "stationName": "Murrieta/Temecula French Valley",
        "timestamp": "2026-03-23T02:55:00+00:00",
        "rawMessage": "KF70 230255Z AUTO 00000KT 10SM CLR 21/01 A2991 RMK AO2",
        "textDescription": "Clear",
        "icon": "https://api.weather.gov/icons/land/night/skc?size=medium",
        "presentWeather": [],
        "temperature": {
          "unitCode": "wmoUnit:degC",
          "value": 21,
          "qualityControl": "V"
        },
        "dewpoint": {
          "unitCode": "wmoUnit:degC",
          "value": 1,
          "qualityControl": "V"
        },
        "windDirection": {
          "unitCode": "wmoUnit:degree_(angle)",
          "value": 0,
          "qualityControl": "V"
        },
        "windSpeed": {
          "unitCode": "wmoUnit:km_h-1",
          "value": 0,
          "qualityControl": "V"
        },
        "windGust": {
          "unitCode": "wmoUnit:km_h-1",
          "value": null,
          "qualityControl": "Z"
        },
        "barometricPressure": {
          "unitCode": "wmoUnit:Pa",
          "value": 101290,
          "qualityControl": "V"
        },
        "seaLevelPressure": {
          "unitCode": "wmoUnit:Pa",
          "value": null,
          "qualityControl": "Z"
        },
        "visibility": {
          "unitCode": "wmoUnit:m",
          "value": 16090,
          "qualityControl": "C"
        },
        "maxTemperatureLast24Hours": {
          "unitCode": "wmoUnit:degC",
          "value": null
        },
        "minTemperatureLast24Hours": {
          "unitCode": "wmoUnit:degC",
          "value": null
        },
        "precipitationLastHour": {
          "unitCode": "wmoUnit:mm",
          "value": null,
          "qualityControl": "Z"
        },
        "precipitationLast3Hours": {
          "unitCode": "wmoUnit:mm",
          "value": null,
          "qualityControl": "Z"
        },
        "precipitationLast6Hours": {
          "unitCode": "wmoUnit:mm",
          "value": null,
          "qualityControl": "Z"
        },
        "relativeHumidity": {
          "unitCode": "wmoUnit:percent",
          "value": 26.459511769914,
          "qualityControl": "V"
        },
        "windChill": {
          "unitCode": "wmoUnit:degC",
          "value": null,
          "qualityControl": "V"
        },
        "heatIndex": {
          "unitCode": "wmoUnit:degC",
          "value": null,
          "qualityControl": "V"
        },
        "cloudLayers": [
          {
            "base": {
              "unitCode": "wmoUnit:m",
              "value": null
            },
            "amount": "CLR"
          }
        ]
      }
    },
    {
      "id": "https://api.weather.gov/stations/KAPC/observations/2026-03-23T02:55:00+00:00",
      "type": "Feature",
      "geometry": {
        "type": "Point",
        "coordinates": [
          -122.28,
          38.22
        ]
      },
      "properties": {
        "@id": "https://api.weather.gov/stations/KAPC/observations/2026-03-23T02:55:00+00:00",
        "@type": "wx:ObservationStation",
        "elevation": {
          "unitCode": "wmoUnit:m",
          "value": 10
        },
        "station": "https://api.weather.gov/stations/KAPC",
        "stationId": "KAPC",
        "stationName": "Napa, Napa County Airport",
        "timestamp": "2026-03-23T02:55:00+00:00",
        "rawMessage": "",
        "textDescription": "Clear",
        "icon": "https://api.weather.gov/icons/land/night/skc?size=medium",
        "presentWeather": [],
        "temperature": {
          "unitCode": "wmoUnit:degC",
          "value": 16,
          "qualityControl": "V"
        },
        "dewpoint": {
          "unitCode": "wmoUnit:degC",
          "value": 11,
          "qualityControl": "V"
        },
        "windDirection": {
          "unitCode": "wmoUnit:degree_(angle)",
          "value": 220,
          "qualityControl": "V"
        },
        "windSpeed": {
          "unitCode": "wmoUnit:km_h-1",
          "value": 14.832,
          "qualityControl": "V"
        },
        "windGust": {
          "unitCode": "wmoUnit:km_h-1",
          "value": null,
          "qualityControl": "Z"
        },
        "barometricPressure": {
          "unitCode": "wmoUnit:Pa",
          "value": 101388.48,
          "qualityControl": "V"
        },
        "seaLevelPressure": {
          "unitCode": "wmoUnit:Pa",
          "value": null,
          "qualityControl": "Z"
        },
        "visibility": {
          "unitCode": "wmoUnit:m",
          "value": 16093.44,
          "qualityControl": "C"
        },
        "maxTemperatureLast24Hours": {
          "unitCode": "wmoUnit:degC",
          "value": null
        },
        "minTemperatureLast24Hours": {
          "unitCode": "wmoUnit:degC",
          "value": null
        },
        "precipitationLast3Hours": {
          "unitCode": "wmoUnit:mm",
          "value": null,
          "qualityControl": "Z"
        },
        "relativeHumidity": {
          "unitCode": "wmoUnit:percent",
          "value": 72.218947621294,
          "qualityControl": "V"
        },
        "windChill": {
          "unitCode": "wmoUnit:degC",
          "value": null,
          "qualityControl": "V"
        },
        "heatIndex": {
          "unitCode": "wmoUnit:degC",
          "value": null,
          "qualityControl": "V"
        },
        "cloudLayers": [
          {
            "base": {
              "unitCode": "wmoUnit:m",
              "value": 3810
            },
            "amount": "CLR"
          }
        ]
      }
    },
    {
      "id": "https://api.weather.gov/stations/KEED/observations/2026-03-23T03:05:00+00:00",
      "type": "Feature",
      "geometry": {
        "type": "Point",
        "coordinates": [
          -114.62,
          34.77
        ]
      },
      "properties": {
        "@id": "https://api.weather.gov/stations/KEED/observations/2026-03-23T03:05:00+00:00",
        "@type": "wx:ObservationStation",
        "elevation": {
          "unitCode": "wmoUnit:m",
          "value": 302
        },
        "station": "https://api.weather.gov/stations/KEED",
        "stationId": "KEED",
        "stationName": "Needles, Needles Airport",
        "timestamp": "2026-03-23T03:05:00+00:00",
        "rawMessage": "",
        "textDescription": "Clear",
        "icon": "https://api.weather.gov/icons/land/night/skc?size=medium",
        "presentWeather": [],
        "temperature": {
          "unitCode": "wmoUnit:degC",
          "value": 31,
          "qualityControl": "V"
        },
        "dewpoint": {
          "unitCode": "wmoUnit:degC",
          "value": -4,
          "qualityControl": "V"
        },
        "windDirection": {
          "unitCode": "wmoUnit:degree_(angle)",
          "value": 310,
          "qualityControl": "V"
        },
        "windSpeed": {
          "unitCode": "wmoUnit:km_h-1",
          "value": 14.832,
          "qualityControl": "V"
        },
        "windGust": {
          "unitCode": "wmoUnit:km_h-1",
          "value": null,
          "qualityControl": "Z"
        },
        "barometricPressure": {
          "unitCode": "wmoUnit:Pa",
          "value": 100778.93,
          "qualityControl": "V"
        },
        "seaLevelPressure": {
          "unitCode": "wmoUnit:Pa",
          "value": null,
          "qualityControl": "Z"
        },
        "visibility": {
          "unitCode": "wmoUnit:m",
          "value": 16093.44,
          "qualityControl": "C"
        },
        "maxTemperatureLast24Hours": {
          "unitCode": "wmoUnit:degC",
          "value": null
        },
        "minTemperatureLast24Hours": {
          "unitCode": "wmoUnit:degC",
          "value": null
        },
        "precipitationLast3Hours": {
          "unitCode": "wmoUnit:mm",
          "value": null,
          "qualityControl": "Z"
        },
        "relativeHumidity": {
          "unitCode": "wmoUnit:percent",
          "value": 10.13973827382,
          "qualityControl": "V"
        },
        "windChill": {
          "unitCode": "wmoUnit:degC",
          "value": null,
          "qualityControl": "V"
        },
        "heatIndex": {
          "unitCode": "wmoUnit:degC",
          "value": 28.64350976411611,
          "qualityControl": "V"
        },
        "cloudLayers": [
          {
            "base": {
              "unitCode": "wmoUnit:m",
              "value": 3810
            },
            "amount": "CLR"
          }
        ]
      }
    },
    null,
    {
      "id": "https://api.weather.gov/stations/KNZY/observations/2026-03-23T02:52:00+00:00",
      "type": "Feature",
      "geometry": {
        "type": "Point",
        "coordinates": [
          -117.22,
          32.7
        ]
      },
      "properties": {
        "@id": "https://api.weather.gov/stations/KNZY/observations/2026-03-23T02:52:00+00:00",
        "@type": "wx:ObservationStation",
        "elevation": {
          "unitCode": "wmoUnit:m",
          "value": 8
        },
        "station": "https://api.weather.gov/stations/KNZY",
        "stationId": "KNZY",
        "stationName": "San Diego, North Island, Naval Air Station",
        "timestamp": "2026-03-23T02:52:00+00:00",
        "rawMessage": "KNZY 230252Z 28004KT 10SM FEW010 FEW250 17/14 A2988 RMK AO2 SLP118 T01670144 53004 $",
        "textDescription": "Mostly Clear",
        "icon": "https://api.weather.gov/icons/land/night/few?size=medium",
        "presentWeather": [],
        "temperature": {
          "unitCode": "wmoUnit:degC",
          "value": 16.7,
          "qualityControl": "V"
        },
        "dewpoint": {
          "unitCode": "wmoUnit:degC",
          "value": 14.4,
          "qualityControl": "V"
        },
        "windDirection": {
          "unitCode": "wmoUnit:degree_(angle)",
          "value": 280,
          "qualityControl": "V"
        },
        "windSpeed": {
          "unitCode": "wmoUnit:km_h-1",
          "value": 7.56,
          "qualityControl": "V"
        },
        "windGust": {
          "unitCode": "wmoUnit:km_h-1",
          "value": null,
          "qualityControl": "Z"
        },
        "barometricPressure": {
          "unitCode": "wmoUnit:Pa",
          "value": 101190,
          "qualityControl": "V"
        },
        "seaLevelPressure": {
          "unitCode": "wmoUnit:Pa",
          "value": 101180,
          "qualityControl": "V"
        },
        "visibility": {
          "unitCode": "wmoUnit:m",
          "value": 16090,
          "qualityControl": "C"
        },
        "maxTemperatureLast24Hours": {
          "unitCode": "wmoUnit:degC",
          "value": null
        },
        "minTemperatureLast24Hours": {
          "unitCode": "wmoUnit:degC",
          "value": null
        },
        "precipitationLastHour": {
          "unitCode": "wmoUnit:mm",
          "value": null,
          "qualityControl": "Z"
        },
        "precipitationLast3Hours": {
          "unitCode": "wmoUnit:mm",
          "value": null,
          "qualityControl": "Z"
        },
        "precipitationLast6Hours": {
          "unitCode": "wmoUnit:mm",
          "value": null,
          "qualityControl": "Z"
        },
        "relativeHumidity": {
          "unitCode": "wmoUnit:percent",
          "value": 86.300074459093,
          "qualityControl": "V"
        },
        "windChill": {
          "unitCode": "wmoUnit:degC",
          "value": null,
          "qualityControl": "V"
        },
        "heatIndex": {
          "unitCode": "wmoUnit:degC",
          "value": null,
          "qualityControl": "V"
        },
        "cloudLayers": [
          {
            "base": {
              "unitCode": "wmoUnit:m",
              "value": 300
            },
            "amount": "FEW"
          },
          {
            "base": {
              "unitCode": "wmoUnit:m",
              "value": 7620
            },
            "amount": "FEW"
          }
        ]
      }
    },
    {
      "id": "https://api.weather.gov/stations/KDVO/observations/2026-03-23T02:35:00+00:00",
      "type": "Feature",
      "geometry": {
        "type": "Point",
        "coordinates": [
          -122.56,
          38.14
        ]
      },
      "properties": {
        "@id": "https://api.weather.gov/stations/KDVO/observations/2026-03-23T02:35:00+00:00",
        "@type": "wx:ObservationStation",
        "elevation": {
          "unitCode": "wmoUnit:m",
          "value": 1
        },
        "station": "https://api.weather.gov/stations/KDVO",
        "stationId": "KDVO",
        "stationName": "Novato / Gnoss Field",
        "timestamp": "2026-03-23T02:35:00+00:00",
        "rawMessage": "KDVO 230235Z AUTO 36006KT 10SM CLR 17/11 A2993 RMK AO2",
        "textDescription": "Clear",
        "icon": "https://api.weather.gov/icons/land/night/skc?size=medium",
        "presentWeather": [],
        "temperature": {
          "unitCode": "wmoUnit:degC",
          "value": 17,
          "qualityControl": "V"
        },
        "dewpoint": {
          "unitCode": "wmoUnit:degC",
          "value": 11,
          "qualityControl": "V"
        },
        "windDirection": {
          "unitCode": "wmoUnit:degree_(angle)",
          "value": 360,
          "qualityControl": "V"
        },
        "windSpeed": {
          "unitCode": "wmoUnit:km_h-1",
          "value": 11.16,
          "qualityControl": "V"
        },
        "windGust": {
          "unitCode": "wmoUnit:km_h-1",
          "value": null,
          "qualityControl": "Z"
        },
        "barometricPressure": {
          "unitCode": "wmoUnit:Pa",
          "value": 101360,
          "qualityControl": "V"
        },
        "seaLevelPressure": {
          "unitCode": "wmoUnit:Pa",
          "value": null,
          "qualityControl": "Z"
        },
        "visibility": {
          "unitCode": "wmoUnit:m",
          "value": 16090,
          "qualityControl": "C"
        },
        "maxTemperatureLast24Hours": {
          "unitCode": "wmoUnit:degC",
          "value": null
        },
        "minTemperatureLast24Hours": {
          "unitCode": "wmoUnit:degC",
          "value": null
        },
        "precipitationLastHour": {
          "unitCode": "wmoUnit:mm",
          "value": null,
          "qualityControl": "Z"
        },
        "precipitationLast3Hours": {
          "unitCode": "wmoUnit:mm",
          "value": null,
          "qualityControl": "Z"
        },
        "precipitationLast6Hours": {
          "unitCode": "wmoUnit:mm",
          "value": null,
          "qualityControl": "Z"
        },
        "relativeHumidity": {
          "unitCode": "wmoUnit:percent",
          "value": 67.769403902783,
          "qualityControl": "V"
        },
        "windChill": {
          "unitCode": "wmoUnit:degC",
          "value": null,
          "qualityControl": "V"
        },
        "heatIndex": {
          "unitCode": "wmoUnit:degC",
          "value": null,
          "qualityControl": "V"
        },
        "cloudLayers": [
          {
            "base": {
              "unitCode": "wmoUnit:m",
              "value": null
            },
            "amount": "CLR"
          }
        ]
      }
    },
    {
      "id": "https://api.weather.gov/stations/KOAK/observations/2026-03-23T03:00:00+00:00",
      "type": "Feature",
      "geometry": {
        "type": "Point",
        "coordinates": [
          -122.22,
          37.73
        ]
      },
      "properties": {
        "@id": "https://api.weather.gov/stations/KOAK/observations/2026-03-23T03:00:00+00:00",
        "@type": "wx:ObservationStation",
        "elevation": {
          "unitCode": "wmoUnit:m",
          "value": 3
        },
        "station": "https://api.weather.gov/stations/KOAK",
        "stationId": "KOAK",
        "stationName": "San Francisco Bay Oakland International Airport",
        "timestamp": "2026-03-23T03:00:00+00:00",
        "rawMessage": "",
        "textDescription": "Mostly Clear",
        "icon": "https://api.weather.gov/icons/land/night/few?size=medium",
        "presentWeather": [],
        "temperature": {
          "unitCode": "wmoUnit:degC",
          "value": 14,
          "qualityControl": "V"
        },
        "dewpoint": {
          "unitCode": "wmoUnit:degC",
          "value": 9,
          "qualityControl": "V"
        },
        "windDirection": {
          "unitCode": "wmoUnit:degree_(angle)",
          "value": 260,
          "qualityControl": "V"
        },
        "windSpeed": {
          "unitCode": "wmoUnit:km_h-1",
          "value": 20.376,
          "qualityControl": "V"
        },
        "windGust": {
          "unitCode": "wmoUnit:km_h-1",
          "value": null,
          "qualityControl": "Z"
        },
        "barometricPressure": {
          "unitCode": "wmoUnit:Pa",
          "value": 101523.93,
          "qualityControl": "V"
        },
        "seaLevelPressure": {
          "unitCode": "wmoUnit:Pa",
          "value": null,
          "qualityControl": "Z"
        },
        "visibility": {
          "unitCode": "wmoUnit:m",
          "value": 16093.44,
          "qualityControl": "C"
        },
        "maxTemperatureLast24Hours": {
          "unitCode": "wmoUnit:degC",
          "value": null
        },
        "minTemperatureLast24Hours": {
          "unitCode": "wmoUnit:degC",
          "value": null
        },
        "precipitationLast3Hours": {
          "unitCode": "wmoUnit:mm",
          "value": null,
          "qualityControl": "Z"
        },
        "relativeHumidity": {
          "unitCode": "wmoUnit:percent",
          "value": 71.84904007654,
          "qualityControl": "V"
        },
        "windChill": {
          "unitCode": "wmoUnit:degC",
          "value": null,
          "qualityControl": "V"
        },
        "heatIndex": {
          "unitCode": "wmoUnit:degC",
          "value": null,
          "qualityControl": "V"
        },
        "cloudLayers": [
          {
            "base": {
              "unitCode": "wmoUnit:m",
              "value": 213.36
            },
            "amount": "FEW"
          },
          {
            "base": {
              "unitCode": "wmoUnit:m",
              "value": 1524
            },
            "amount": "FEW"
          }
        ]
      }
    },
    null,
    {
      "id": "https://api.weather.gov/stations/KOKB/observations/2026-03-23T02:55:00+00:00",
      "type": "Feature",
      "geometry": {
        "type": "Point",
        "coordinates": [
          -117.35,
          33.22
        ]
      },
      "properties": {
        "@id": "https://api.weather.gov/stations/KOKB/observations/2026-03-23T02:55:00+00:00",
        "@type": "wx:ObservationStation",
        "elevation": {
          "unitCode": "wmoUnit:m",
          "value": 8
        },
        "station": "https://api.weather.gov/stations/KOKB",
        "stationId": "KOKB",
        "stationName": "Oceanside, Oceanside Municipal Airport",
        "timestamp": "2026-03-23T02:55:00+00:00",
        "rawMessage": "",
        "textDescription": "Clear",
        "icon": "https://api.weather.gov/icons/land/night/skc?size=medium",
        "presentWeather": [],
        "temperature": {
          "unitCode": "wmoUnit:degC",
          "value": 15,
          "qualityControl": "V"
        },
        "dewpoint": {
          "unitCode": "wmoUnit:degC",
          "value": 13,
          "qualityControl": "V"
        },
        "windDirection": {
          "unitCode": "wmoUnit:degree_(angle)",
          "value": 0,
          "qualityControl": "V"
        },
        "windSpeed": {
          "unitCode": "wmoUnit:km_h-1",
          "value": 0,
          "qualityControl": "V"
        },
        "windGust": {
          "unitCode": "wmoUnit:km_h-1",
          "value": null,
          "qualityControl": "Z"
        },
        "barometricPressure": {
          "unitCode": "wmoUnit:Pa",
          "value": 101151.43,
          "qualityControl": "V"
        },
        "seaLevelPressure": {
          "unitCode": "wmoUnit:Pa",
          "value": null,
          "qualityControl": "Z"
        },
        "visibility": {
          "unitCode": "wmoUnit:m",
          "value": 14484.1,
          "qualityControl": "C"
        },
        "maxTemperatureLast24Hours": {
          "unitCode": "wmoUnit:degC",
          "value": null
        },
        "minTemperatureLast24Hours": {
          "unitCode": "wmoUnit:degC",
          "value": null
        },
        "precipitationLast3Hours": {
          "unitCode": "wmoUnit:mm",
          "value": null,
          "qualityControl": "Z"
        },
        "relativeHumidity": {
          "unitCode": "wmoUnit:percent",
          "value": 87.83845905654,
          "qualityControl": "V"
        },
        "windChill": {
          "unitCode": "wmoUnit:degC",
          "value": null,
          "qualityControl": "V"
        },
        "heatIndex": {
          "unitCode": "wmoUnit:degC",
          "value": null,
          "qualityControl": "V"
        },
        "cloudLayers": [
          {
            "base": {
              "unitCode": "wmoUnit:m",
              "value": 3810
            },
            "amount": "CLR"
          }
        ]
      }
    },
    null,
    {
      "id": "https://api.weather.gov/stations/KONT/observations/2026-03-23T03:05:00+00:00",
      "type": "Feature",
      "geometry": {
        "type": "Point",
        "coordinates": [
          -117.6,
          34.05
        ]
      },
      "properties": {
        "@id": "https://api.weather.gov/stations/KONT/observations/2026-03-23T03:05:00+00:00",
        "@type": "wx:ObservationStation",
        "elevation": {
          "unitCode": "wmoUnit:m",
          "value": 287
        },
        "station": "https://api.weather.gov/stations/KONT",
        "stationId": "KONT",
        "stationName": "Ontario International Airport",
        "timestamp": "2026-03-23T03:05:00+00:00",
        "rawMessage": "",
        "textDescription": "Clear",
        "icon": "https://api.weather.gov/icons/land/night/skc?size=medium",
        "presentWeather": [],
        "temperature": {
          "unitCode": "wmoUnit:degC",
          "value": 22,
          "qualityControl": "V"
        },
        "dewpoint": {
          "unitCode": "wmoUnit:degC",
          "value": 9,
          "qualityControl": "V"
        },
        "windDirection": {
          "unitCode": "wmoUnit:degree_(angle)",
          "value": 260,
          "qualityControl": "V"
        },
        "windSpeed": {
          "unitCode": "wmoUnit:km_h-1",
          "value": 12.96,
          "qualityControl": "V"
        },
        "windGust": {
          "unitCode": "wmoUnit:km_h-1",
          "value": null,
          "qualityControl": "Z"
        },
        "barometricPressure": {
          "unitCode": "wmoUnit:Pa",
          "value": 101151.43,
          "qualityControl": "V"
        },
        "seaLevelPressure": {
          "unitCode": "wmoUnit:Pa",
          "value": null,
          "qualityControl": "Z"
        },
        "visibility": {
          "unitCode": "wmoUnit:m",
          "value": 16093.44,
          "qualityControl": "C"
        },
        "maxTemperatureLast24Hours": {
          "unitCode": "wmoUnit:degC",
          "value": null
        },
        "minTemperatureLast24Hours": {
          "unitCode": "wmoUnit:degC",
          "value": null
        },
        "precipitationLast3Hours": {
          "unitCode": "wmoUnit:mm",
          "value": null,
          "qualityControl": "Z"
        },
        "relativeHumidity": {
          "unitCode": "wmoUnit:percent",
          "value": 43.447262818608,
          "qualityControl": "V"
        },
        "windChill": {
          "unitCode": "wmoUnit:degC",
          "value": null,
          "qualityControl": "V"
        },
        "heatIndex": {
          "unitCode": "wmoUnit:degC",
          "value": 21.390011862486112,
          "qualityControl": "V"
        },
        "cloudLayers": [
          {
            "base": {
              "unitCode": "wmoUnit:m",
              "value": 3810
            },
            "amount": "CLR"
          }
        ]
      }
    },
    {
      "id": "https://api.weather.gov/stations/KOVE/observations/2026-03-23T03:00:00+00:00",
      "type": "Feature",
      "geometry": {
        "type": "Point",
        "coordinates": [
          -121.62,
          39.49
        ]
      },
      "properties": {
        "@id": "https://api.weather.gov/stations/KOVE/observations/2026-03-23T03:00:00+00:00",
        "@type": "wx:ObservationStation",
        "elevation": {
          "unitCode": "wmoUnit:m",
          "value": 59
        },
        "station": "https://api.weather.gov/stations/KOVE",
        "stationId": "KOVE",
        "stationName": "Oroville Municipal Airport",
        "timestamp": "2026-03-23T03:00:00+00:00",
        "rawMessage": "",
        "textDescription": "Clear",
        "icon": "https://api.weather.gov/icons/land/night/skc?size=medium",
        "presentWeather": [],
        "temperature": {
          "unitCode": "wmoUnit:degC",
          "value": 23,
          "qualityControl": "V"
        },
        "dewpoint": {
          "unitCode": "wmoUnit:degC",
          "value": 12,
          "qualityControl": "V"
        },
        "windDirection": {
          "unitCode": "wmoUnit:degree_(angle)",
          "value": 120,
          "qualityControl": "V"
        },
        "windSpeed": {
          "unitCode": "wmoUnit:km_h-1",
          "value": 9.252,
          "qualityControl": "V"
        },
        "windGust": {
          "unitCode": "wmoUnit:km_h-1",
          "value": null,
          "qualityControl": "Z"
        },
        "barometricPressure": {
          "unitCode": "wmoUnit:Pa",
          "value": 101253.02,
          "qualityControl": "V"
        },
        "seaLevelPressure": {
          "unitCode": "wmoUnit:Pa",
          "value": null,
          "qualityControl": "Z"
        },
        "visibility": {
          "unitCode": "wmoUnit:m",
          "value": 16093.44,
          "qualityControl": "C"
        },
        "maxTemperatureLast24Hours": {
          "unitCode": "wmoUnit:degC",
          "value": null
        },
        "minTemperatureLast24Hours": {
          "unitCode": "wmoUnit:degC",
          "value": null
        },
        "precipitationLast3Hours": {
          "unitCode": "wmoUnit:mm",
          "value": null,
          "qualityControl": "Z"
        },
        "relativeHumidity": {
          "unitCode": "wmoUnit:percent",
          "value": 49.934634256059,
          "qualityControl": "V"
        },
        "windChill": {
          "unitCode": "wmoUnit:degC",
          "value": null,
          "qualityControl": "V"
        },
        "heatIndex": {
          "unitCode": "wmoUnit:degC",
          "value": 22.659404338908335,
          "qualityControl": "V"
        },
        "cloudLayers": [
          {
            "base": {
              "unitCode": "wmoUnit:m",
              "value": 3810
            },
            "amount": "CLR"
          }
        ]
      }
    },
    {
      "id": "https://api.weather.gov/stations/KOXR/observations/2026-03-23T03:00:00+00:00",
      "type": "Feature",
      "geometry": {
        "type": "Point",
        "coordinates": [
          -119.2,
          34.2
        ]
      },
      "properties": {
        "@id": "https://api.weather.gov/stations/KOXR/observations/2026-03-23T03:00:00+00:00",
        "@type": "wx:ObservationStation",
        "elevation": {
          "unitCode": "wmoUnit:m",
          "value": 13
        },
        "station": "https://api.weather.gov/stations/KOXR",
        "stationId": "KOXR",
        "stationName": "Oxnard, Oxnard Airport",
        "timestamp": "2026-03-23T03:00:00+00:00",
        "rawMessage": "",
        "textDescription": "Fog/Mist",
        "icon": "https://api.weather.gov/icons/land/night/fog?size=medium",
        "presentWeather": [
          {
            "intensity": null,
            "modifier": null,
            "weather": "fog_mist",
            "rawString": "BR"
          }
        ],
        "temperature": {
          "unitCode": "wmoUnit:degC",
          "value": 15,
          "qualityControl": "V"
        },
        "dewpoint": {
          "unitCode": "wmoUnit:degC",
          "value": 14,
          "qualityControl": "V"
        },
        "windDirection": {
          "unitCode": "wmoUnit:degree_(angle)",
          "value": 270,
          "qualityControl": "V"
        },
        "windSpeed": {
          "unitCode": "wmoUnit:km_h-1",
          "value": 11.124,
          "qualityControl": "V"
        },
        "windGust": {
          "unitCode": "wmoUnit:km_h-1",
          "value": null,
          "qualityControl": "Z"
        },
        "barometricPressure": {
          "unitCode": "wmoUnit:Pa",
          "value": 101185.29,
          "qualityControl": "V"
        },
        "seaLevelPressure": {
          "unitCode": "wmoUnit:Pa",
          "value": null,
          "qualityControl": "Z"
        },
        "visibility": {
          "unitCode": "wmoUnit:m",
          "value": 8046.72,
          "qualityControl": "C"
        },
        "maxTemperatureLast24Hours": {
          "unitCode": "wmoUnit:degC",
          "value": null
        },
        "minTemperatureLast24Hours": {
          "unitCode": "wmoUnit:degC",
          "value": null
        },
        "precipitationLast3Hours": {
          "unitCode": "wmoUnit:mm",
          "value": null,
          "qualityControl": "Z"
        },
        "relativeHumidity": {
          "unitCode": "wmoUnit:percent",
          "value": 93.745817353204,
          "qualityControl": "V"
        },
        "windChill": {
          "unitCode": "wmoUnit:degC",
          "value": null,
          "qualityControl": "V"
        },
        "heatIndex": {
          "unitCode": "wmoUnit:degC",
          "value": null,
          "qualityControl": "V"
        },
        "cloudLayers": [
          {
            "base": {
              "unitCode": "wmoUnit:m",
              "value": 182.88
            },
            "amount": "BKN"
          }
        ]
      }
    },
    null,
    {
      "id": "https://api.weather.gov/stations/KPMD/observations/2026-03-23T03:00:00+00:00",
      "type": "Feature",
      "geometry": {
        "type": "Point",
        "coordinates": [
          -118.08,
          34.63
        ]
      },
      "properties": {
        "@id": "https://api.weather.gov/stations/KPMD/observations/2026-03-23T03:00:00+00:00",
        "@type": "wx:ObservationStation",
        "elevation": {
          "unitCode": "wmoUnit:m",
          "value": 774
        },
        "station": "https://api.weather.gov/stations/KPMD",
        "stationId": "KPMD",
        "stationName": "Palmdale, Palmdale Production Flight Plant",
        "timestamp": "2026-03-23T03:00:00+00:00",
        "rawMessage": "",
        "textDescription": "Clear",
        "icon": "https://api.weather.gov/icons/land/night/skc?size=medium",
        "presentWeather": [],
        "temperature": {
          "unitCode": "wmoUnit:degC",
          "value": 22,
          "qualityControl": "V"
        },
        "dewpoint": {
          "unitCode": "wmoUnit:degC",
          "value": 11,
          "qualityControl": "V"
        },
        "windDirection": {
          "unitCode": "wmoUnit:degree_(angle)",
          "value": 230,
          "qualityControl": "V"
        },
        "windSpeed": {
          "unitCode": "wmoUnit:km_h-1",
          "value": 12.96,
          "qualityControl": "V"
        },
        "windGust": {
          "unitCode": "wmoUnit:km_h-1",
          "value": null,
          "qualityControl": "Z"
        },
        "barometricPressure": {
          "unitCode": "wmoUnit:Pa",
          "value": 101354.61,
          "qualityControl": "V"
        },
        "seaLevelPressure": {
          "unitCode": "wmoUnit:Pa",
          "value": null,
          "qualityControl": "Z"
        },
        "visibility": {
          "unitCode": "wmoUnit:m",
          "value": 16093.44,
          "qualityControl": "C"
        },
        "maxTemperatureLast24Hours": {
          "unitCode": "wmoUnit:degC",
          "value": null
        },
        "minTemperatureLast24Hours": {
          "unitCode": "wmoUnit:degC",
          "value": null
        },
        "precipitationLast3Hours": {
          "unitCode": "wmoUnit:mm",
          "value": null,
          "qualityControl": "Z"
        },
        "relativeHumidity": {
          "unitCode": "wmoUnit:percent",
          "value": 49.667494492032,
          "qualityControl": "V"
        },
        "windChill": {
          "unitCode": "wmoUnit:degC",
          "value": null,
          "qualityControl": "V"
        },
        "heatIndex": {
          "unitCode": "wmoUnit:degC",
          "value": 21.55242902284778,
          "qualityControl": "V"
        },
        "cloudLayers": [
          {
            "base": {
              "unitCode": "wmoUnit:m",
              "value": 3810
            },
            "amount": "CLR"
          }
        ]
      }
    },
    {
      "id": "https://api.weather.gov/stations/KPSP/observations/2026-03-23T03:05:00+00:00",
      "type": "Feature",
      "geometry": {
        "type": "Point",
        "coordinates": [
          -116.5,
          33.83
        ]
      },
      "properties": {
        "@id": "https://api.weather.gov/stations/KPSP/observations/2026-03-23T03:05:00+00:00",
        "@type": "wx:ObservationStation",
        "elevation": {
          "unitCode": "wmoUnit:m",
          "value": 141
        },
        "station": "https://api.weather.gov/stations/KPSP",
        "stationId": "KPSP",
        "stationName": "Palm Springs Regional Airport",
        "timestamp": "2026-03-23T03:05:00+00:00",
        "rawMessage": "",
        "textDescription": "",
        "icon": null,
        "presentWeather": [],
        "temperature": {
          "unitCode": "wmoUnit:degC",
          "value": 32,
          "qualityControl": "V"
        },
        "dewpoint": {
          "unitCode": "wmoUnit:degC",
          "value": 7,
          "qualityControl": "V"
        },
        "windDirection": {
          "unitCode": "wmoUnit:degree_(angle)",
          "value": 310,
          "qualityControl": "V"
        },
        "windSpeed": {
          "unitCode": "wmoUnit:km_h-1",
          "value": 18.504,
          "qualityControl": "V"
        },
        "windGust": {
          "unitCode": "wmoUnit:km_h-1",
          "value": null,
          "qualityControl": "Z"
        },
        "barometricPressure": {
          "unitCode": "wmoUnit:Pa",
          "value": 100778.93,
          "qualityControl": "V"
        },
        "seaLevelPressure": {
          "unitCode": "wmoUnit:Pa",
          "value": null,
          "qualityControl": "Z"
        },
        "visibility": {
          "unitCode": "wmoUnit:m",
          "value": null,
          "qualityControl": "Z"
        },
        "maxTemperatureLast24Hours": {
          "unitCode": "wmoUnit:degC",
          "value": null
        },
        "minTemperatureLast24Hours": {
          "unitCode": "wmoUnit:degC",
          "value": null
        },
        "precipitationLast3Hours": {
          "unitCode": "wmoUnit:mm",
          "value": null,
          "qualityControl": "Z"
        },
        "relativeHumidity": {
          "unitCode": "wmoUnit:percent",
          "value": 21.072743293655,
          "qualityControl": "V"
        },
        "windChill": {
          "unitCode": "wmoUnit:degC",
          "value": null,
          "qualityControl": "V"
        },
        "heatIndex": {
          "unitCode": "wmoUnit:degC",
          "value": 30.038113651076667,
          "qualityControl": "V"
        },
        "cloudLayers": []
      }
    },
    {
      "id": "https://api.weather.gov/stations/KPAO/observations/2026-03-22T23:47:00+00:00",
      "type": "Feature",
      "geometry": {
        "type": "Point",
        "coordinates": [
          -122.12,
          37.47
        ]
      },
      "properties": {
        "@id": "https://api.weather.gov/stations/KPAO/observations/2026-03-22T23:47:00+00:00",
        "@type": "wx:ObservationStation",
        "elevation": {
          "unitCode": "wmoUnit:m",
          "value": 2
        },
        "station": "https://api.weather.gov/stations/KPAO",
        "stationId": "KPAO",
        "stationName": "Palo Alto Airport",
        "timestamp": "2026-03-22T23:47:00+00:00",
        "rawMessage": "KPAO 222347Z 32013KT 10SM SKC 21/12 A2995",
        "textDescription": "Clear",
        "icon": "https://api.weather.gov/icons/land/day/skc?size=medium",
        "presentWeather": [],
        "temperature": {
          "unitCode": "wmoUnit:degC",
          "value": 21,
          "qualityControl": "V"
        },
        "dewpoint": {
          "unitCode": "wmoUnit:degC",
          "value": 12,
          "qualityControl": "V"
        },
        "windDirection": {
          "unitCode": "wmoUnit:degree_(angle)",
          "value": 320,
          "qualityControl": "V"
        },
        "windSpeed": {
          "unitCode": "wmoUnit:km_h-1",
          "value": 24.12,
          "qualityControl": "V"
        },
        "windGust": {
          "unitCode": "wmoUnit:km_h-1",
          "value": null,
          "qualityControl": "Z"
        },
        "barometricPressure": {
          "unitCode": "wmoUnit:Pa",
          "value": 101420,
          "qualityControl": "V"
        },
        "seaLevelPressure": {
          "unitCode": "wmoUnit:Pa",
          "value": null,
          "qualityControl": "Z"
        },
        "visibility": {
          "unitCode": "wmoUnit:m",
          "value": 16090,
          "qualityControl": "C"
        },
        "maxTemperatureLast24Hours": {
          "unitCode": "wmoUnit:degC",
          "value": null
        },
        "minTemperatureLast24Hours": {
          "unitCode": "wmoUnit:degC",
          "value": null
        },
        "precipitationLastHour": {
          "unitCode": "wmoUnit:mm",
          "value": null,
          "qualityControl": "Z"
        },
        "precipitationLast3Hours": {
          "unitCode": "wmoUnit:mm",
          "value": null,
          "qualityControl": "Z"
        },
        "precipitationLast6Hours": {
          "unitCode": "wmoUnit:mm",
          "value": null,
          "qualityControl": "Z"
        },
        "relativeHumidity": {
          "unitCode": "wmoUnit:percent",
          "value": 56.411645702143,
          "qualityControl": "V"
        },
        "windChill": {
          "unitCode": "wmoUnit:degC",
          "value": null,
          "qualityControl": "V"
        },
        "heatIndex": {
          "unitCode": "wmoUnit:degC",
          "value": null,
          "qualityControl": "V"
        },
        "cloudLayers": [
          {
            "base": {
              "unitCode": "wmoUnit:m",
              "value": null
            },
            "amount": "CLR"
          }
        ]
      }
    },
    {
      "id": "https://api.weather.gov/stations/KPRB/observations/2026-03-23T03:00:00+00:00",
      "type": "Feature",
      "geometry": {
        "type": "Point",
        "coordinates": [
          -120.63,
          35.67
        ]
      },
      "properties": {
        "@id": "https://api.weather.gov/stations/KPRB/observations/2026-03-23T03:00:00+00:00",
        "@type": "wx:ObservationStation",
        "elevation": {
          "unitCode": "wmoUnit:m",
          "value": 255
        },
        "station": "https://api.weather.gov/stations/KPRB",
        "stationId": "KPRB",
        "stationName": "Paso Robles Municipal Airport",
        "timestamp": "2026-03-23T03:00:00+00:00",
        "rawMessage": "",
        "textDescription": "Clear",
        "icon": "https://api.weather.gov/icons/land/night/skc?size=medium",
        "presentWeather": [],
        "temperature": {
          "unitCode": "wmoUnit:degC",
          "value": 23,
          "qualityControl": "V"
        },
        "dewpoint": {
          "unitCode": "wmoUnit:degC",
          "value": 9,
          "qualityControl": "V"
        },
        "windDirection": {
          "unitCode": "wmoUnit:degree_(angle)",
          "value": 310,
          "qualityControl": "V"
        },
        "windSpeed": {
          "unitCode": "wmoUnit:km_h-1",
          "value": 12.96,
          "qualityControl": "V"
        },
        "windGust": {
          "unitCode": "wmoUnit:km_h-1",
          "value": null,
          "qualityControl": "Z"
        },
        "barometricPressure": {
          "unitCode": "wmoUnit:Pa",
          "value": null,
          "qualityControl": "Z"
        },
        "seaLevelPressure": {
          "unitCode": "wmoUnit:Pa",
          "value": null,
          "qualityControl": "Z"
        },
        "visibility": {
          "unitCode": "wmoUnit:m",
          "value": 16093.44,
          "qualityControl": "C"
        },
        "maxTemperatureLast24Hours": {
          "unitCode": "wmoUnit:degC",
          "value": null
        },
        "minTemperatureLast24Hours": {
          "unitCode": "wmoUnit:degC",
          "value": null
        },
        "precipitationLast3Hours": {
          "unitCode": "wmoUnit:mm",
          "value": null,
          "qualityControl": "Z"
        },
        "relativeHumidity": {
          "unitCode": "wmoUnit:percent",
          "value": 40.886402091473,
          "qualityControl": "V"
        },
        "windChill": {
          "unitCode": "wmoUnit:degC",
          "value": null,
          "qualityControl": "V"
        },
        "heatIndex": {
          "unitCode": "wmoUnit:degC",
          "value": 22.423144943499445,
          "qualityControl": "V"
        },
        "cloudLayers": [
          {
            "base": {
              "unitCode": "wmoUnit:m",
              "value": 3810
            },
            "amount": "CLR"
          }
        ]
      }
    },
    {
      "id": "https://api.weather.gov/stations/KO69/observations/2026-03-22T23:55:00+00:00",
      "type": "Feature",
      "geometry": {
        "type": "Point",
        "coordinates": [
          -122.6,
          38.25
        ]
      },
      "properties": {
        "@id": "https://api.weather.gov/stations/KO69/observations/2026-03-22T23:55:00+00:00",
        "@type": "wx:ObservationStation",
        "elevation": {
          "unitCode": "wmoUnit:m",
          "value": 28
        },
        "station": "https://api.weather.gov/stations/KO69",
        "stationId": "KO69",
        "stationName": "Petaluma Municipal Airport",
        "timestamp": "2026-03-22T23:55:00+00:00",
        "rawMessage": "KO69 222355Z AUTO VRB06G11KT 10SM CLR 20/09 A2995 RMK A01",
        "textDescription": "Clear",
        "icon": "https://api.weather.gov/icons/land/day/skc?size=medium",
        "presentWeather": [],
        "temperature": {
          "unitCode": "wmoUnit:degC",
          "value": 20,
          "qualityControl": "V"
        },
        "dewpoint": {
          "unitCode": "wmoUnit:degC",
          "value": 9,
          "qualityControl": "V"
        },
        "windDirection": {
          "unitCode": "wmoUnit:degree_(angle)",
          "value": null,
          "qualityControl": "Z"
        },
        "windSpeed": {
          "unitCode": "wmoUnit:km_h-1",
          "value": 11.16,
          "qualityControl": "V"
        },
        "windGust": {
          "unitCode": "wmoUnit:km_h-1",
          "value": 20.52,
          "qualityControl": "S"
        },
        "barometricPressure": {
          "unitCode": "wmoUnit:Pa",
          "value": 101420,
          "qualityControl": "V"
        },
        "seaLevelPressure": {
          "unitCode": "wmoUnit:Pa",
          "value": null,
          "qualityControl": "Z"
        },
        "visibility": {
          "unitCode": "wmoUnit:m",
          "value": 16090,
          "qualityControl": "C"
        },
        "maxTemperatureLast24Hours": {
          "unitCode": "wmoUnit:degC",
          "value": null
        },
        "minTemperatureLast24Hours": {
          "unitCode": "wmoUnit:degC",
          "value": null
        },
        "precipitationLastHour": {
          "unitCode": "wmoUnit:mm",
          "value": null,
          "qualityControl": "Z"
        },
        "precipitationLast3Hours": {
          "unitCode": "wmoUnit:mm",
          "value": null,
          "qualityControl": "Z"
        },
        "precipitationLast6Hours": {
          "unitCode": "wmoUnit:mm",
          "value": null,
          "qualityControl": "Z"
        },
        "relativeHumidity": {
          "unitCode": "wmoUnit:percent",
          "value": 49.128249109205,
          "qualityControl": "V"
        },
        "windChill": {
          "unitCode": "wmoUnit:degC",
          "value": null,
          "qualityControl": "V"
        },
        "heatIndex": {
          "unitCode": "wmoUnit:degC",
          "value": null,
          "qualityControl": "V"
        },
        "cloudLayers": [
          {
            "base": {
              "unitCode": "wmoUnit:m",
              "value": null
            },
            "amount": "CLR"
          }
        ]
      }
    },
    {
      "id": "https://api.weather.gov/stations/KPVF/observations/2026-03-23T02:35:00+00:00",
      "type": "Feature",
      "geometry": {
        "type": "Point",
        "coordinates": [
          -120.75,
          38.72
        ]
      },
      "properties": {
        "@id": "https://api.weather.gov/stations/KPVF/observations/2026-03-23T02:35:00+00:00",
        "@type": "wx:ObservationStation",
        "elevation": {
          "unitCode": "wmoUnit:m",
          "value": 789
        },
        "station": "https://api.weather.gov/stations/KPVF",
        "stationId": "KPVF",
        "stationName": "Placerville Airport",
        "timestamp": "2026-03-23T02:35:00+00:00",
        "rawMessage": "KPVF 230235Z AUTO 00000KT 10SM CLR 20/07 A3002 RMK AO1",
        "textDescription": "Clear",
        "icon": "https://api.weather.gov/icons/land/night/skc?size=medium",
        "presentWeather": [],
        "temperature": {
          "unitCode": "wmoUnit:degC",
          "value": 20,
          "qualityControl": "V"
        },
        "dewpoint": {
          "unitCode": "wmoUnit:degC",
          "value": 7,
          "qualityControl": "V"
        },
        "windDirection": {
          "unitCode": "wmoUnit:degree_(angle)",
          "value": 0,
          "qualityControl": "V"
        },
        "windSpeed": {
          "unitCode": "wmoUnit:km_h-1",
          "value": 0,
          "qualityControl": "V"
        },
        "windGust": {
          "unitCode": "wmoUnit:km_h-1",
          "value": null,
          "qualityControl": "Z"
        },
        "barometricPressure": {
          "unitCode": "wmoUnit:Pa",
          "value": 101660,
          "qualityControl": "V"
        },
        "seaLevelPressure": {
          "unitCode": "wmoUnit:Pa",
          "value": null,
          "qualityControl": "Z"
        },
        "visibility": {
          "unitCode": "wmoUnit:m",
          "value": 16090,
          "qualityControl": "C"
        },
        "maxTemperatureLast24Hours": {
          "unitCode": "wmoUnit:degC",
          "value": null
        },
        "minTemperatureLast24Hours": {
          "unitCode": "wmoUnit:degC",
          "value": null
        },
        "precipitationLastHour": {
          "unitCode": "wmoUnit:mm",
          "value": null,
          "qualityControl": "Z"
        },
        "precipitationLast3Hours": {
          "unitCode": "wmoUnit:mm",
          "value": null,
          "qualityControl": "Z"
        },
        "precipitationLast6Hours": {
          "unitCode": "wmoUnit:mm",
          "value": null,
          "qualityControl": "Z"
        },
        "relativeHumidity": {
          "unitCode": "wmoUnit:percent",
          "value": 42.88366025981,
          "qualityControl": "V"
        },
        "windChill": {
          "unitCode": "wmoUnit:degC",
          "value": null,
          "qualityControl": "V"
        },
        "heatIndex": {
          "unitCode": "wmoUnit:degC",
          "value": null,
          "qualityControl": "V"
        },
        "cloudLayers": [
          {
            "base": {
              "unitCode": "wmoUnit:m",
              "value": null
            },
            "amount": "CLR"
          }
        ]
      }
    },
    {
      "id": "https://api.weather.gov/stations/KNTD/observations/2026-03-23T01:55:00+00:00",
      "type": "Feature",
      "geometry": {
        "type": "Point",
        "coordinates": [
          -119.12,
          34.11
        ]
      },
      "properties": {
        "@id": "https://api.weather.gov/stations/KNTD/observations/2026-03-23T01:55:00+00:00",
        "@type": "wx:ObservationStation",
        "elevation": {
          "unitCode": "wmoUnit:m",
          "value": 2
        },
        "station": "https://api.weather.gov/stations/KNTD",
        "stationId": "KNTD",
        "stationName": "Point Mugu, Naval Air Warfare Center",
        "timestamp": "2026-03-23T01:55:00+00:00",
        "rawMessage": "",
        "textDescription": "",
        "icon": null,
        "presentWeather": [],
        "temperature": {
          "unitCode": "wmoUnit:degC",
          "value": 15.6,
          "qualityControl": "V"
        },
        "dewpoint": {
          "unitCode": "wmoUnit:degC",
          "value": 13.9,
          "qualityControl": "V"
        },
        "windDirection": {
          "unitCode": "wmoUnit:degree_(angle)",
          "value": 260,
          "qualityControl": "V"
        },
        "windSpeed": {
          "unitCode": "wmoUnit:km_h-1",
          "value": 5.4,
          "qualityControl": "V"
        },
        "windGust": {
          "unitCode": "wmoUnit:km_h-1",
          "value": null,
          "qualityControl": "Z"
        },
        "barometricPressure": {
          "unitCode": "wmoUnit:Pa",
          "value": 101150,
          "qualityControl": "V"
        },
        "seaLevelPressure": {
          "unitCode": "wmoUnit:Pa",
          "value": 101170,
          "qualityControl": "V"
        },
        "visibility": {
          "unitCode": "wmoUnit:m",
          "value": 11270,
          "qualityControl": "C"
        },
        "maxTemperatureLast24Hours": {
          "unitCode": "wmoUnit:degC",
          "value": null
        },
        "minTemperatureLast24Hours": {
          "unitCode": "wmoUnit:degC",
          "value": null
        },
        "precipitationLastHour": {
          "unitCode": "wmoUnit:mm",
          "value": null,
          "qualityControl": "Z"
        },
        "precipitationLast3Hours": {
          "unitCode": "wmoUnit:mm",
          "value": null,
          "qualityControl": "Z"
        },
        "precipitationLast6Hours": {
          "unitCode": "wmoUnit:mm",
          "value": null,
          "qualityControl": "Z"
        },
        "relativeHumidity": {
          "unitCode": "wmoUnit:percent",
          "value": 89.621112131842,
          "qualityControl": "V"
        },
        "windChill": {
          "unitCode": "wmoUnit:degC",
          "value": null,
          "qualityControl": "V"
        },
        "heatIndex": {
          "unitCode": "wmoUnit:degC",
          "value": null,
          "qualityControl": "V"
        },
        "cloudLayers": []
      }
    },
    {
      "id": "https://api.weather.gov/stations/KPTV/observations/2026-03-23T03:00:00+00:00",
      "type": "Feature",
      "geometry": {
        "type": "Point",
        "coordinates": [
          -119.07,
          36.03
        ]
      },
      "properties": {
        "@id": "https://api.weather.gov/stations/KPTV/observations/2026-03-23T03:00:00+00:00",
        "@type": "wx:ObservationStation",
        "elevation": {
          "unitCode": "wmoUnit:m",
          "value": 135
        },
        "station": "https://api.weather.gov/stations/KPTV",
        "stationId": "KPTV",
        "stationName": "Porterville, Porterville Municipal Airport",
        "timestamp": "2026-03-23T03:00:00+00:00",
        "rawMessage": "",
        "textDescription": "Clear",
        "icon": "https://api.weather.gov/icons/land/night/skc?size=medium",
        "presentWeather": [],
        "temperature": {
          "unitCode": "wmoUnit:degC",
          "value": 23,
          "qualityControl": "V"
        },
        "dewpoint": {
          "unitCode": "wmoUnit:degC",
          "value": 16,
          "qualityControl": "V"
        },
        "windDirection": {
          "unitCode": "wmoUnit:degree_(angle)",
          "value": 270,
          "qualityControl": "V"
        },
        "windSpeed": {
          "unitCode": "wmoUnit:km_h-1",
          "value": 5.544,
          "qualityControl": "V"
        },
        "windGust": {
          "unitCode": "wmoUnit:km_h-1",
          "value": null,
          "qualityControl": "Z"
        },
        "barometricPressure": {
          "unitCode": "wmoUnit:Pa",
          "value": 101286.88,
          "qualityControl": "V"
        },
        "seaLevelPressure": {
          "unitCode": "wmoUnit:Pa",
          "value": null,
          "qualityControl": "Z"
        },
        "visibility": {
          "unitCode": "wmoUnit:m",
          "value": 16093.44,
          "qualityControl": "C"
        },
        "maxTemperatureLast24Hours": {
          "unitCode": "wmoUnit:degC",
          "value": null
        },
        "minTemperatureLast24Hours": {
          "unitCode": "wmoUnit:degC",
          "value": null
        },
        "precipitationLast3Hours": {
          "unitCode": "wmoUnit:mm",
          "value": null,
          "qualityControl": "Z"
        },
        "relativeHumidity": {
          "unitCode": "wmoUnit:percent",
          "value": 64.719860273836,
          "qualityControl": "V"
        },
        "windChill": {
          "unitCode": "wmoUnit:degC",
          "value": null,
          "qualityControl": "V"
        },
        "heatIndex": {
          "unitCode": "wmoUnit:degC",
          "value": 23.04546301826111,
          "qualityControl": "V"
        },
        "cloudLayers": [
          {
            "base": {
              "unitCode": "wmoUnit:m",
              "value": 3810
            },
            "amount": "CLR"
          }
        ]
      }
    },
    null,
    {
      "id": "https://api.weather.gov/stations/KRNM/observations/2026-03-23T02:40:00+00:00",
      "type": "Feature",
      "geometry": {
        "type": "Point",
        "coordinates": [
          -116.92,
          33.03
        ]
      },
      "properties": {
        "@id": "https://api.weather.gov/stations/KRNM/observations/2026-03-23T02:40:00+00:00",
        "@type": "wx:ObservationStation",
        "elevation": {
          "unitCode": "wmoUnit:m",
          "value": 424
        },
        "station": "https://api.weather.gov/stations/KRNM",
        "stationId": "KRNM",
        "stationName": "Ramona, Ramona Airport",
        "timestamp": "2026-03-23T02:40:00+00:00",
        "rawMessage": "",
        "textDescription": "Clear",
        "icon": "https://api.weather.gov/icons/land/night/skc?size=medium",
        "presentWeather": [],
        "temperature": {
          "unitCode": "wmoUnit:degC",
          "value": 17,
          "qualityControl": "V"
        },
        "dewpoint": {
          "unitCode": "wmoUnit:degC",
          "value": 11,
          "qualityControl": "V"
        },
        "windDirection": {
          "unitCode": "wmoUnit:degree_(angle)",
          "value": 260,
          "qualityControl": "V"
        },
        "windSpeed": {
          "unitCode": "wmoUnit:km_h-1",
          "value": 7.416,
          "qualityControl": "V"
        },
        "windGust": {
          "unitCode": "wmoUnit:km_h-1",
          "value": null,
          "qualityControl": "Z"
        },
        "barometricPressure": {
          "unitCode": "wmoUnit:Pa",
          "value": 101253.02,
          "qualityControl": "V"
        },
        "seaLevelPressure": {
          "unitCode": "wmoUnit:Pa",
          "value": null,
          "qualityControl": "Z"
        },
        "visibility": {
          "unitCode": "wmoUnit:m",
          "value": 16093.44,
          "qualityControl": "C"
        },
        "maxTemperatureLast24Hours": {
          "unitCode": "wmoUnit:degC",
          "value": null
        },
        "minTemperatureLast24Hours": {
          "unitCode": "wmoUnit:degC",
          "value": null
        },
        "precipitationLast3Hours": {
          "unitCode": "wmoUnit:mm",
          "value": null,
          "qualityControl": "Z"
        },
        "relativeHumidity": {
          "unitCode": "wmoUnit:percent",
          "value": 67.769403902783,
          "qualityControl": "V"
        },
        "windChill": {
          "unitCode": "wmoUnit:degC",
          "value": null,
          "qualityControl": "V"
        },
        "heatIndex": {
          "unitCode": "wmoUnit:degC",
          "value": null,
          "qualityControl": "V"
        },
        "cloudLayers": [
          {
            "base": {
              "unitCode": "wmoUnit:m",
              "value": 3810
            },
            "amount": "CLR"
          }
        ]
      }
    },
    {
      "id": "https://api.weather.gov/stations/KRBL/observations/2026-03-23T02:54:00+00:00",
      "type": "Feature",
      "geometry": {
        "type": "Point",
        "coordinates": [
          -122.25,
          40.15
        ]
      },
      "properties": {
        "@id": "https://api.weather.gov/stations/KRBL/observations/2026-03-23T02:54:00+00:00",
        "@type": "wx:ObservationStation",
        "elevation": {
          "unitCode": "wmoUnit:m",
          "value": 108
        },
        "station": "https://api.weather.gov/stations/KRBL",
        "stationId": "KRBL",
        "stationName": "Red Bluff, Red Bluff Municipal Airport",
        "timestamp": "2026-03-23T02:54:00+00:00",
        "rawMessage": "KRBL 230254Z AUTO 00000KT 10SM CLR 21/12 A2990 RMK AO2 SLP120 T02110117 53002",
        "textDescription": "Clear",
        "icon": "https://api.weather.gov/icons/land/night/skc?size=medium",
        "presentWeather": [],
        "temperature": {
          "unitCode": "wmoUnit:degC",
          "value": 21.1,
          "qualityControl": "V"
        },
        "dewpoint": {
          "unitCode": "wmoUnit:degC",
          "value": 11.7,
          "qualityControl": "V"
        },
        "windDirection": {
          "unitCode": "wmoUnit:degree_(angle)",
          "value": 0,
          "qualityControl": "V"
        },
        "windSpeed": {
          "unitCode": "wmoUnit:km_h-1",
          "value": 0,
          "qualityControl": "V"
        },
        "windGust": {
          "unitCode": "wmoUnit:km_h-1",
          "value": null,
          "qualityControl": "Z"
        },
        "barometricPressure": {
          "unitCode": "wmoUnit:Pa",
          "value": 101250,
          "qualityControl": "V"
        },
        "seaLevelPressure": {
          "unitCode": "wmoUnit:Pa",
          "value": 101200,
          "qualityControl": "V"
        },
        "visibility": {
          "unitCode": "wmoUnit:m",
          "value": 16090,
          "qualityControl": "C"
        },
        "maxTemperatureLast24Hours": {
          "unitCode": "wmoUnit:degC",
          "value": null
        },
        "minTemperatureLast24Hours": {
          "unitCode": "wmoUnit:degC",
          "value": null
        },
        "precipitationLastHour": {
          "unitCode": "wmoUnit:mm",
          "value": null,
          "qualityControl": "Z"
        },
        "precipitationLast3Hours": {
          "unitCode": "wmoUnit:mm",
          "value": null,
          "qualityControl": "Z"
        },
        "precipitationLast6Hours": {
          "unitCode": "wmoUnit:mm",
          "value": null,
          "qualityControl": "Z"
        },
        "relativeHumidity": {
          "unitCode": "wmoUnit:percent",
          "value": 54.968147523953,
          "qualityControl": "V"
        },
        "windChill": {
          "unitCode": "wmoUnit:degC",
          "value": null,
          "qualityControl": "V"
        },
        "heatIndex": {
          "unitCode": "wmoUnit:degC",
          "value": null,
          "qualityControl": "V"
        },
        "cloudLayers": [
          {
            "base": {
              "unitCode": "wmoUnit:m",
              "value": null
            },
            "amount": "CLR"
          }
        ]
      }
    },
    {
      "id": "https://api.weather.gov/stations/KRDD/observations/2026-03-23T03:00:00+00:00",
      "type": "Feature",
      "geometry": {
        "type": "Point",
        "coordinates": [
          -122.3,
          40.5
        ]
      },
      "properties": {
        "@id": "https://api.weather.gov/stations/KRDD/observations/2026-03-23T03:00:00+00:00",
        "@type": "wx:ObservationStation",
        "elevation": {
          "unitCode": "wmoUnit:m",
          "value": 153
        },
        "station": "https://api.weather.gov/stations/KRDD",
        "stationId": "KRDD",
        "stationName": "Redding Municipal Airport",
        "timestamp": "2026-03-23T03:00:00+00:00",
        "rawMessage": "",
        "textDescription": "Clear",
        "icon": "https://api.weather.gov/icons/land/night/skc?size=medium",
        "presentWeather": [],
        "temperature": {
          "unitCode": "wmoUnit:degC",
          "value": 22,
          "qualityControl": "V"
        },
        "dewpoint": {
          "unitCode": "wmoUnit:degC",
          "value": 11,
          "qualityControl": "V"
        },
        "windDirection": {
          "unitCode": "wmoUnit:degree_(angle)",
          "value": 120,
          "qualityControl": "V"
        },
        "windSpeed": {
          "unitCode": "wmoUnit:km_h-1",
          "value": 5.544,
          "qualityControl": "V"
        },
        "windGust": {
          "unitCode": "wmoUnit:km_h-1",
          "value": null,
          "qualityControl": "Z"
        },
        "barometricPressure": {
          "unitCode": "wmoUnit:Pa",
          "value": 101185.29,
          "qualityControl": "V"
        },
        "seaLevelPressure": {
          "unitCode": "wmoUnit:Pa",
          "value": null,
          "qualityControl": "Z"
        },
        "visibility": {
          "unitCode": "wmoUnit:m",
          "value": 16093.44,
          "qualityControl": "C"
        },
        "maxTemperatureLast24Hours": {
          "unitCode": "wmoUnit:degC",
          "value": null
        },
        "minTemperatureLast24Hours": {
          "unitCode": "wmoUnit:degC",
          "value": null
        },
        "precipitationLast3Hours": {
          "unitCode": "wmoUnit:mm",
          "value": null,
          "qualityControl": "Z"
        },
        "relativeHumidity": {
          "unitCode": "wmoUnit:percent",
          "value": 49.667494492032,
          "qualityControl": "V"
        },
        "windChill": {
          "unitCode": "wmoUnit:degC",
          "value": null,
          "qualityControl": "V"
        },
        "heatIndex": {
          "unitCode": "wmoUnit:degC",
          "value": 21.55242902284778,
          "qualityControl": "V"
        },
        "cloudLayers": [
          {
            "base": {
              "unitCode": "wmoUnit:m",
              "value": 3810
            },
            "amount": "CLR"
          }
        ]
      }
    },
    {
      "id": "https://api.weather.gov/stations/KREI/observations/2026-03-23T01:48:00+00:00",
      "type": "Feature",
      "geometry": {
        "type": "Point",
        "coordinates": [
          -117.15,
          34.09
        ]
      },
      "properties": {
        "@id": "https://api.weather.gov/stations/KREI/observations/2026-03-23T01:48:00+00:00",
        "@type": "wx:ObservationStation",
        "elevation": {
          "unitCode": "wmoUnit:m",
          "value": 478.8
        },
        "station": "https://api.weather.gov/stations/KREI",
        "stationId": "KREI",
        "stationName": "REDLANDS",
        "timestamp": "2026-03-23T01:48:00+00:00",
        "rawMessage": "",
        "textDescription": "",
        "icon": null,
        "presentWeather": [],
        "temperature": {
          "unitCode": "wmoUnit:degC",
          "value": 27,
          "qualityControl": "V"
        },
        "dewpoint": {
          "unitCode": "wmoUnit:degC",
          "value": 7,
          "qualityControl": "V"
        },
        "windDirection": {
          "unitCode": "wmoUnit:degree_(angle)",
          "value": 290,
          "qualityControl": "V"
        },
        "windSpeed": {
          "unitCode": "wmoUnit:km_h-1",
          "value": 9.252,
          "qualityControl": "V"
        },
        "windGust": {
          "unitCode": "wmoUnit:km_h-1",
          "value": null,
          "qualityControl": "Z"
        },
        "barometricPressure": {
          "unitCode": "wmoUnit:Pa",
          "value": 101219.16,
          "qualityControl": "V"
        },
        "seaLevelPressure": {
          "unitCode": "wmoUnit:Pa",
          "value": null,
          "qualityControl": "Z"
        },
        "visibility": {
          "unitCode": "wmoUnit:m",
          "value": null,
          "qualityControl": "Z"
        },
        "maxTemperatureLast24Hours": {
          "unitCode": "wmoUnit:degC",
          "value": null
        },
        "minTemperatureLast24Hours": {
          "unitCode": "wmoUnit:degC",
          "value": null
        },
        "precipitationLastHour": {
          "unitCode": "wmoUnit:mm",
          "value": null,
          "qualityControl": "Z"
        },
        "precipitationLast3Hours": {
          "unitCode": "wmoUnit:mm",
          "value": null,
          "qualityControl": "Z"
        },
        "precipitationLast6Hours": {
          "unitCode": "wmoUnit:mm",
          "value": null,
          "qualityControl": "Z"
        },
        "relativeHumidity": {
          "unitCode": "wmoUnit:percent",
          "value": 28.116379617477,
          "qualityControl": "V"
        },
        "windChill": {
          "unitCode": "wmoUnit:degC",
          "value": null,
          "qualityControl": "V"
        },
        "heatIndex": {
          "unitCode": "wmoUnit:degC",
          "value": 26.489705467789445,
          "qualityControl": "V"
        },
        "cloudLayers": []
      }
    },
    {
      "id": "https://api.weather.gov/stations/KO32/observations/2026-03-23T01:35:00+00:00",
      "type": "Feature",
      "geometry": {
        "type": "Point",
        "coordinates": [
          -119.45,
          36.67
        ]
      },
      "properties": {
        "@id": "https://api.weather.gov/stations/KO32/observations/2026-03-23T01:35:00+00:00",
        "@type": "wx:ObservationStation",
        "elevation": {
          "unitCode": "wmoUnit:m",
          "value": 117
        },
        "station": "https://api.weather.gov/stations/KO32",
        "stationId": "KO32",
        "stationName": "Reedley Municipal Airport",
        "timestamp": "2026-03-23T01:35:00+00:00",
        "rawMessage": "",
        "textDescription": "Clear",
        "icon": "https://api.weather.gov/icons/land/night/skc?size=medium",
        "presentWeather": [],
        "temperature": {
          "unitCode": "wmoUnit:degC",
          "value": 26.5,
          "qualityControl": "V"
        },
        "dewpoint": {
          "unitCode": "wmoUnit:degC",
          "value": 14.6,
          "qualityControl": "V"
        },
        "windDirection": {
          "unitCode": "wmoUnit:degree_(angle)",
          "value": 300,
          "qualityControl": "V"
        },
        "windSpeed": {
          "unitCode": "wmoUnit:km_h-1",
          "value": 9.252,
          "qualityControl": "V"
        },
        "windGust": {
          "unitCode": "wmoUnit:km_h-1",
          "value": null,
          "qualityControl": "Z"
        },
        "barometricPressure": {
          "unitCode": "wmoUnit:Pa",
          "value": 101117.57,
          "qualityControl": "V"
        },
        "seaLevelPressure": {
          "unitCode": "wmoUnit:Pa",
          "value": null,
          "qualityControl": "Z"
        },
        "visibility": {
          "unitCode": "wmoUnit:m",
          "value": 16093.44,
          "qualityControl": "C"
        },
        "maxTemperatureLast24Hours": {
          "unitCode": "wmoUnit:degC",
          "value": null
        },
        "minTemperatureLast24Hours": {
          "unitCode": "wmoUnit:degC",
          "value": null
        },
        "precipitationLastHour": {
          "unitCode": "wmoUnit:mm",
          "value": null,
          "qualityControl": "Z"
        },
        "precipitationLast3Hours": {
          "unitCode": "wmoUnit:mm",
          "value": null,
          "qualityControl": "Z"
        },
        "precipitationLast6Hours": {
          "unitCode": "wmoUnit:mm",
          "value": null,
          "qualityControl": "Z"
        },
        "relativeHumidity": {
          "unitCode": "wmoUnit:percent",
          "value": 47.996795016239,
          "qualityControl": "V"
        },
        "windChill": {
          "unitCode": "wmoUnit:degC",
          "value": null,
          "qualityControl": "V"
        },
        "heatIndex": {
          "unitCode": "wmoUnit:degC",
          "value": 26.458805203201667,
          "qualityControl": "V"
        },
        "cloudLayers": [
          {
            "base": {
              "unitCode": "wmoUnit:m",
              "value": null
            },
            "amount": "CLR"
          }
        ]
      }
    },
    null,
    {
      "id": "https://api.weather.gov/stations/KRAL/observations/2026-03-23T03:05:00+00:00",
      "type": "Feature",
      "geometry": {
        "type": "Point",
        "coordinates": [
          -117.45,
          33.95
        ]
      },
      "properties": {
        "@id": "https://api.weather.gov/stations/KRAL/observations/2026-03-23T03:05:00+00:00",
        "@type": "wx:ObservationStation",
        "elevation": {
          "unitCode": "wmoUnit:m",
          "value": 249
        },
        "station": "https://api.weather.gov/stations/KRAL",
        "stationId": "KRAL",
        "stationName": "Riverside Municipal Airport",
        "timestamp": "2026-03-23T03:05:00+00:00",
        "rawMessage": "",
        "textDescription": "Clear",
        "icon": "https://api.weather.gov/icons/land/night/skc?size=medium",
        "presentWeather": [],
        "temperature": {
          "unitCode": "wmoUnit:degC",
          "value": 22,
          "qualityControl": "V"
        },
        "dewpoint": {
          "unitCode": "wmoUnit:degC",
          "value": 11,
          "qualityControl": "V"
        },
        "windDirection": {
          "unitCode": "wmoUnit:degree_(angle)",
          "value": 260,
          "qualityControl": "V"
        },
        "windSpeed": {
          "unitCode": "wmoUnit:km_h-1",
          "value": 9.252,
          "qualityControl": "V"
        },
        "windGust": {
          "unitCode": "wmoUnit:km_h-1",
          "value": null,
          "qualityControl": "Z"
        },
        "barometricPressure": {
          "unitCode": "wmoUnit:Pa",
          "value": 101185.29,
          "qualityControl": "V"
        },
        "seaLevelPressure": {
          "unitCode": "wmoUnit:Pa",
          "value": null,
          "qualityControl": "Z"
        },
        "visibility": {
          "unitCode": "wmoUnit:m",
          "value": 16093.44,
          "qualityControl": "C"
        },
        "maxTemperatureLast24Hours": {
          "unitCode": "wmoUnit:degC",
          "value": null
        },
        "minTemperatureLast24Hours": {
          "unitCode": "wmoUnit:degC",
          "value": null
        },
        "precipitationLast3Hours": {
          "unitCode": "wmoUnit:mm",
          "value": null,
          "qualityControl": "Z"
        },
        "relativeHumidity": {
          "unitCode": "wmoUnit:percent",
          "value": 49.667494492032,
          "qualityControl": "V"
        },
        "windChill": {
          "unitCode": "wmoUnit:degC",
          "value": null,
          "qualityControl": "V"
        },
        "heatIndex": {
          "unitCode": "wmoUnit:degC",
          "value": 21.55242902284778,
          "qualityControl": "V"
        },
        "cloudLayers": [
          {
            "base": {
              "unitCode": "wmoUnit:m",
              "value": 3810
            },
            "amount": "CLR"
          }
        ]
      }
    },
    {
      "id": "https://api.weather.gov/stations/KRIV/observations/2026-03-23T02:55:00+00:00",
      "type": "Feature",
      "geometry": {
        "type": "Point",
        "coordinates": [
          -117.27,
          33.88
        ]
      },
      "properties": {
        "@id": "https://api.weather.gov/stations/KRIV/observations/2026-03-23T02:55:00+00:00",
        "@type": "wx:ObservationStation",
        "elevation": {
          "unitCode": "wmoUnit:m",
          "value": 469
        },
        "station": "https://api.weather.gov/stations/KRIV",
        "stationId": "KRIV",
        "stationName": "March Air Reserve Base",
        "timestamp": "2026-03-23T02:55:00+00:00",
        "rawMessage": "KRIV 230255Z AUTO 28003KT 10SM CLR 22/08 A2987 RMK AO2 SLP105 T02220083 52008",
        "textDescription": "Clear",
        "icon": "https://api.weather.gov/icons/land/night/skc?size=medium",
        "presentWeather": [],
        "temperature": {
          "unitCode": "wmoUnit:degC",
          "value": 22.2,
          "qualityControl": "V"
        },
        "dewpoint": {
          "unitCode": "wmoUnit:degC",
          "value": 8.3,
          "qualityControl": "V"
        },
        "windDirection": {
          "unitCode": "wmoUnit:degree_(angle)",
          "value": 280,
          "qualityControl": "V"
        },
        "windSpeed": {
          "unitCode": "wmoUnit:km_h-1",
          "value": 5.4,
          "qualityControl": "V"
        },
        "windGust": {
          "unitCode": "wmoUnit:km_h-1",
          "value": null,
          "qualityControl": "Z"
        },
        "barometricPressure": {
          "unitCode": "wmoUnit:Pa",
          "value": 101150,
          "qualityControl": "V"
        },
        "seaLevelPressure": {
          "unitCode": "wmoUnit:Pa",
          "value": 101050,
          "qualityControl": "V"
        },
        "visibility": {
          "unitCode": "wmoUnit:m",
          "value": 16090,
          "qualityControl": "C"
        },
        "maxTemperatureLast24Hours": {
          "unitCode": "wmoUnit:degC",
          "value": null
        },
        "minTemperatureLast24Hours": {
          "unitCode": "wmoUnit:degC",
          "value": null
        },
        "precipitationLastHour": {
          "unitCode": "wmoUnit:mm",
          "value": null,
          "qualityControl": "Z"
        },
        "precipitationLast3Hours": {
          "unitCode": "wmoUnit:mm",
          "value": null,
          "qualityControl": "Z"
        },
        "precipitationLast6Hours": {
          "unitCode": "wmoUnit:mm",
          "value": null,
          "qualityControl": "Z"
        },
        "relativeHumidity": {
          "unitCode": "wmoUnit:percent",
          "value": 40.93670427492,
          "qualityControl": "V"
        },
        "windChill": {
          "unitCode": "wmoUnit:degC",
          "value": null,
          "qualityControl": "V"
        },
        "heatIndex": {
          "unitCode": "wmoUnit:degC",
          "value": 21.544458389400557,
          "qualityControl": "V"
        },
        "cloudLayers": [
          {
            "base": {
              "unitCode": "wmoUnit:m",
              "value": null
            },
            "amount": "CLR"
          }
        ]
      }
    },
    {
      "id": "https://api.weather.gov/stations/KSAC/observations/2026-03-23T03:00:00+00:00",
      "type": "Feature",
      "geometry": {
        "type": "Point",
        "coordinates": [
          -121.5,
          38.52
        ]
      },
      "properties": {
        "@id": "https://api.weather.gov/stations/KSAC/observations/2026-03-23T03:00:00+00:00",
        "@type": "wx:ObservationStation",
        "elevation": {
          "unitCode": "wmoUnit:m",
          "value": 8
        },
        "station": "https://api.weather.gov/stations/KSAC",
        "stationId": "KSAC",
        "stationName": "Sacramento Executive Airport",
        "timestamp": "2026-03-23T03:00:00+00:00",
        "rawMessage": "",
        "textDescription": "Clear",
        "icon": "https://api.weather.gov/icons/land/night/skc?size=medium",
        "presentWeather": [],
        "temperature": {
          "unitCode": "wmoUnit:degC",
          "value": 22,
          "qualityControl": "V"
        },
        "dewpoint": {
          "unitCode": "wmoUnit:degC",
          "value": 12,
          "qualityControl": "V"
        },
        "windDirection": {
          "unitCode": "wmoUnit:degree_(angle)",
          "value": 200,
          "qualityControl": "V"
        },
        "windSpeed": {
          "unitCode": "wmoUnit:km_h-1",
          "value": 11.124,
          "qualityControl": "V"
        },
        "windGust": {
          "unitCode": "wmoUnit:km_h-1",
          "value": null,
          "qualityControl": "Z"
        },
        "barometricPressure": {
          "unitCode": "wmoUnit:Pa",
          "value": 101219.16,
          "qualityControl": "V"
        },
        "seaLevelPressure": {
          "unitCode": "wmoUnit:Pa",
          "value": null,
          "qualityControl": "Z"
        },
        "visibility": {
          "unitCode": "wmoUnit:m",
          "value": 16093.44,
          "qualityControl": "C"
        },
        "maxTemperatureLast24Hours": {
          "unitCode": "wmoUnit:degC",
          "value": null
        },
        "minTemperatureLast24Hours": {
          "unitCode": "wmoUnit:degC",
          "value": null
        },
        "precipitationLast3Hours": {
          "unitCode": "wmoUnit:mm",
          "value": null,
          "qualityControl": "Z"
        },
        "relativeHumidity": {
          "unitCode": "wmoUnit:percent",
          "value": 53.062217933001,
          "qualityControl": "V"
        },
        "windChill": {
          "unitCode": "wmoUnit:degC",
          "value": null,
          "qualityControl": "V"
        },
        "heatIndex": {
          "unitCode": "wmoUnit:degC",
          "value": 21.64106902380611,
          "qualityControl": "V"
        },
        "cloudLayers": [
          {
            "base": {
              "unitCode": "wmoUnit:m",
              "value": 3810
            },
            "amount": "CLR"
          }
        ]
      }
    },
    {
      "id": "https://api.weather.gov/stations/KSMF/observations/2026-03-23T03:00:00+00:00",
      "type": "Feature",
      "geometry": {
        "type": "Point",
        "coordinates": [
          -121.58,
          38.7
        ]
      },
      "properties": {
        "@id": "https://api.weather.gov/stations/KSMF/observations/2026-03-23T03:00:00+00:00",
        "@type": "wx:ObservationStation",
        "elevation": {
          "unitCode": "wmoUnit:m",
          "value": 7
        },
        "station": "https://api.weather.gov/stations/KSMF",
        "stationId": "KSMF",
        "stationName": "Sacramento International Airport",
        "timestamp": "2026-03-23T03:00:00+00:00",
        "rawMessage": "",
        "textDescription": "",
        "icon": null,
        "presentWeather": [],
        "temperature": {
          "unitCode": "wmoUnit:degC",
          "value": 22,
          "qualityControl": "V"
        },
        "dewpoint": {
          "unitCode": "wmoUnit:degC",
          "value": 13,
          "qualityControl": "V"
        },
        "windDirection": {
          "unitCode": "wmoUnit:degree_(angle)",
          "value": 190,
          "qualityControl": "V"
        },
        "windSpeed": {
          "unitCode": "wmoUnit:km_h-1",
          "value": 9.252,
          "qualityControl": "V"
        },
        "windGust": {
          "unitCode": "wmoUnit:km_h-1",
          "value": null,
          "qualityControl": "Z"
        },
        "barometricPressure": {
          "unitCode": "wmoUnit:Pa",
          "value": 101219.16,
          "qualityControl": "V"
        },
        "seaLevelPressure": {
          "unitCode": "wmoUnit:Pa",
          "value": null,
          "qualityControl": "Z"
        },
        "visibility": {
          "unitCode": "wmoUnit:m",
          "value": 16093.44,
          "qualityControl": "C"
        },
        "maxTemperatureLast24Hours": {
          "unitCode": "wmoUnit:degC",
          "value": null
        },
        "minTemperatureLast24Hours": {
          "unitCode": "wmoUnit:degC",
          "value": null
        },
        "precipitationLast3Hours": {
          "unitCode": "wmoUnit:mm",
          "value": null,
          "qualityControl": "Z"
        },
        "relativeHumidity": {
          "unitCode": "wmoUnit:percent",
          "value": 56.659698507038,
          "qualityControl": "V"
        },
        "windChill": {
          "unitCode": "wmoUnit:degC",
          "value": null,
          "qualityControl": "V"
        },
        "heatIndex": {
          "unitCode": "wmoUnit:degC",
          "value": 21.735003238795,
          "qualityControl": "V"
        },
        "cloudLayers": []
      }
    },
    {
      "id": "https://api.weather.gov/stations/KSNS/observations/2026-03-23T03:00:00+00:00",
      "type": "Feature",
      "geometry": {
        "type": "Point",
        "coordinates": [
          -121.6,
          36.67
        ]
      },
      "properties": {
        "@id": "https://api.weather.gov/stations/KSNS/observations/2026-03-23T03:00:00+00:00",
        "@type": "wx:ObservationStation",
        "elevation": {
          "unitCode": "wmoUnit:m",
          "value": 26
        },
        "station": "https://api.weather.gov/stations/KSNS",
        "stationId": "KSNS",
        "stationName": "Salinas, Salinas Municipal Airport",
        "timestamp": "2026-03-23T03:00:00+00:00",
        "rawMessage": "",
        "textDescription": "Clear",
        "icon": "https://api.weather.gov/icons/land/night/skc?size=medium",
        "presentWeather": [],
        "temperature": {
          "unitCode": "wmoUnit:degC",
          "value": 14,
          "qualityControl": "V"
        },
        "dewpoint": {
          "unitCode": "wmoUnit:degC",
          "value": 9,
          "qualityControl": "V"
        },
        "windDirection": {
          "unitCode": "wmoUnit:degree_(angle)",
          "value": null,
          "qualityControl": "Z"
        },
        "windSpeed": {
          "unitCode": "wmoUnit:km_h-1",
          "value": null,
          "qualityControl": "Z"
        },
        "windGust": {
          "unitCode": "wmoUnit:km_h-1",
          "value": null,
          "qualityControl": "Z"
        },
        "barometricPressure": {
          "unitCode": "wmoUnit:Pa",
          "value": 101456.2,
          "qualityControl": "V"
        },
        "seaLevelPressure": {
          "unitCode": "wmoUnit:Pa",
          "value": null,
          "qualityControl": "Z"
        },
        "visibility": {
          "unitCode": "wmoUnit:m",
          "value": 14484.1,
          "qualityControl": "C"
        },
        "maxTemperatureLast24Hours": {
          "unitCode": "wmoUnit:degC",
          "value": null
        },
        "minTemperatureLast24Hours": {
          "unitCode": "wmoUnit:degC",
          "value": null
        },
        "precipitationLast3Hours": {
          "unitCode": "wmoUnit:mm",
          "value": null,
          "qualityControl": "Z"
        },
        "relativeHumidity": {
          "unitCode": "wmoUnit:percent",
          "value": 71.84904007654,
          "qualityControl": "V"
        },
        "windChill": {
          "unitCode": "wmoUnit:degC",
          "value": null,
          "qualityControl": "V"
        },
        "heatIndex": {
          "unitCode": "wmoUnit:degC",
          "value": null,
          "qualityControl": "V"
        },
        "cloudLayers": [
          {
            "base": {
              "unitCode": "wmoUnit:m",
              "value": 3810
            },
            "amount": "CLR"
          }
        ]
      }
    },
    {
      "id": "https://api.weather.gov/stations/KCPU/observations/2026-03-23T01:35:00+00:00",
      "type": "Feature",
      "geometry": {
        "type": "Point",
        "coordinates": [
          -120.65,
          38.15
        ]
      },
      "properties": {
        "@id": "https://api.weather.gov/stations/KCPU/observations/2026-03-23T01:35:00+00:00",
        "@type": "wx:ObservationStation",
        "elevation": {
          "unitCode": "wmoUnit:m",
          "value": 405
        },
        "station": "https://api.weather.gov/stations/KCPU",
        "stationId": "KCPU",
        "stationName": "San Andreas Calaveras County Airport",
        "timestamp": "2026-03-23T01:35:00+00:00",
        "rawMessage": "",
        "textDescription": "",
        "icon": null,
        "presentWeather": [],
        "temperature": {
          "unitCode": "wmoUnit:degC",
          "value": 23.2,
          "qualityControl": "V"
        },
        "dewpoint": {
          "unitCode": "wmoUnit:degC",
          "value": 10.1,
          "qualityControl": "V"
        },
        "windDirection": {
          "unitCode": "wmoUnit:degree_(angle)",
          "value": 330,
          "qualityControl": "V"
        },
        "windSpeed": {
          "unitCode": "wmoUnit:km_h-1",
          "value": 11.124,
          "qualityControl": "V"
        },
        "windGust": {
          "unitCode": "wmoUnit:km_h-1",
          "value": null,
          "qualityControl": "Z"
        },
        "barometricPressure": {
          "unitCode": "wmoUnit:Pa",
          "value": 101422.34,
          "qualityControl": "V"
        },
        "seaLevelPressure": {
          "unitCode": "wmoUnit:Pa",
          "value": null,
          "qualityControl": "Z"
        },
        "visibility": {
          "unitCode": "wmoUnit:m",
          "value": 16093.44,
          "qualityControl": "C"
        },
        "maxTemperatureLast24Hours": {
          "unitCode": "wmoUnit:degC",
          "value": null
        },
        "minTemperatureLast24Hours": {
          "unitCode": "wmoUnit:degC",
          "value": null
        },
        "precipitationLastHour": {
          "unitCode": "wmoUnit:mm",
          "value": null,
          "qualityControl": "Z"
        },
        "precipitationLast3Hours": {
          "unitCode": "wmoUnit:mm",
          "value": null,
          "qualityControl": "Z"
        },
        "precipitationLast6Hours": {
          "unitCode": "wmoUnit:mm",
          "value": null,
          "qualityControl": "Z"
        },
        "relativeHumidity": {
          "unitCode": "wmoUnit:percent",
          "value": 43.491061810601,
          "qualityControl": "V"
        },
        "windChill": {
          "unitCode": "wmoUnit:degC",
          "value": null,
          "qualityControl": "V"
        },
        "heatIndex": {
          "unitCode": "wmoUnit:degC",
          "value": 22.711155502832224,
          "qualityControl": "V"
        },
        "cloudLayers": []
      }
    },
    {
      "id": "https://api.weather.gov/stations/KSBD/observations/2026-03-23T01:55:00+00:00",
      "type": "Feature",
      "geometry": {
        "type": "Point",
        "coordinates": [
          -117.23,
          34.1
        ]
      },
      "properties": {
        "@id": "https://api.weather.gov/stations/KSBD/observations/2026-03-23T01:55:00+00:00",
        "@type": "wx:ObservationStation",
        "elevation": {
          "unitCode": "wmoUnit:m",
          "value": 353
        },
        "station": "https://api.weather.gov/stations/KSBD",
        "stationId": "KSBD",
        "stationName": "San Bernardino Intl. Airport",
        "timestamp": "2026-03-23T01:55:00+00:00",
        "rawMessage": "",
        "textDescription": "",
        "icon": null,
        "presentWeather": [],
        "temperature": {
          "unitCode": "wmoUnit:degC",
          "value": 26,
          "qualityControl": "V"
        },
        "dewpoint": {
          "unitCode": "wmoUnit:degC",
          "value": 7,
          "qualityControl": "V"
        },
        "windDirection": {
          "unitCode": "wmoUnit:degree_(angle)",
          "value": 240,
          "qualityControl": "V"
        },
        "windSpeed": {
          "unitCode": "wmoUnit:km_h-1",
          "value": 16.56,
          "qualityControl": "V"
        },
        "windGust": {
          "unitCode": "wmoUnit:km_h-1",
          "value": null,
          "qualityControl": "Z"
        },
        "barometricPressure": {
          "unitCode": "wmoUnit:Pa",
          "value": 101150,
          "qualityControl": "V"
        },
        "seaLevelPressure": {
          "unitCode": "wmoUnit:Pa",
          "value": null,
          "qualityControl": "Z"
        },
        "visibility": {
          "unitCode": "wmoUnit:m",
          "value": 16090,
          "qualityControl": "C"
        },
        "maxTemperatureLast24Hours": {
          "unitCode": "wmoUnit:degC",
          "value": null
        },
        "minTemperatureLast24Hours": {
          "unitCode": "wmoUnit:degC",
          "value": null
        },
        "precipitationLastHour": {
          "unitCode": "wmoUnit:mm",
          "value": null,
          "qualityControl": "Z"
        },
        "precipitationLast3Hours": {
          "unitCode": "wmoUnit:mm",
          "value": null,
          "qualityControl": "Z"
        },
        "precipitationLast6Hours": {
          "unitCode": "wmoUnit:mm",
          "value": null,
          "qualityControl": "Z"
        },
        "relativeHumidity": {
          "unitCode": "wmoUnit:percent",
          "value": 29.823984407734,
          "qualityControl": "V"
        },
        "windChill": {
          "unitCode": "wmoUnit:degC",
          "value": null,
          "qualityControl": "V"
        },
        "heatIndex": {
          "unitCode": "wmoUnit:degC",
          "value": 25.43429292620222,
          "qualityControl": "V"
        },
        "cloudLayers": []
      }
    },
    {
      "id": "https://api.weather.gov/stations/KSQL/observations/2026-03-23T02:47:00+00:00",
      "type": "Feature",
      "geometry": {
        "type": "Point",
        "coordinates": [
          -122.25,
          37.52
        ]
      },
      "properties": {
        "@id": "https://api.weather.gov/stations/KSQL/observations/2026-03-23T02:47:00+00:00",
        "@type": "wx:ObservationStation",
        "elevation": {
          "unitCode": "wmoUnit:m",
          "value": 1
        },
        "station": "https://api.weather.gov/stations/KSQL",
        "stationId": "KSQL",
        "stationName": "San Carlos Airport",
        "timestamp": "2026-03-23T02:47:00+00:00",
        "rawMessage": "KSQL 230247Z 30009KT 10SM CLR 18/06 A2996",
        "textDescription": "Clear",
        "icon": "https://api.weather.gov/icons/land/night/skc?size=medium",
        "presentWeather": [],
        "temperature": {
          "unitCode": "wmoUnit:degC",
          "value": 18,
          "qualityControl": "V"
        },
        "dewpoint": {
          "unitCode": "wmoUnit:degC",
          "value": 6,
          "qualityControl": "V"
        },
        "windDirection": {
          "unitCode": "wmoUnit:degree_(angle)",
          "value": 300,
          "qualityControl": "V"
        },
        "windSpeed": {
          "unitCode": "wmoUnit:km_h-1",
          "value": 16.56,
          "qualityControl": "V"
        },
        "windGust": {
          "unitCode": "wmoUnit:km_h-1",
          "value": null,
          "qualityControl": "Z"
        },
        "barometricPressure": {
          "unitCode": "wmoUnit:Pa",
          "value": 101460,
          "qualityControl": "V"
        },
        "seaLevelPressure": {
          "unitCode": "wmoUnit:Pa",
          "value": null,
          "qualityControl": "Z"
        },
        "visibility": {
          "unitCode": "wmoUnit:m",
          "value": 16090,
          "qualityControl": "C"
        },
        "maxTemperatureLast24Hours": {
          "unitCode": "wmoUnit:degC",
          "value": null
        },
        "minTemperatureLast24Hours": {
          "unitCode": "wmoUnit:degC",
          "value": null
        },
        "precipitationLastHour": {
          "unitCode": "wmoUnit:mm",
          "value": null,
          "qualityControl": "Z"
        },
        "precipitationLast3Hours": {
          "unitCode": "wmoUnit:mm",
          "value": null,
          "qualityControl": "Z"
        },
        "precipitationLast6Hours": {
          "unitCode": "wmoUnit:mm",
          "value": null,
          "qualityControl": "Z"
        },
        "relativeHumidity": {
          "unitCode": "wmoUnit:percent",
          "value": 45.352703262658,
          "qualityControl": "V"
        },
        "windChill": {
          "unitCode": "wmoUnit:degC",
          "value": null,
          "qualityControl": "V"
        },
        "heatIndex": {
          "unitCode": "wmoUnit:degC",
          "value": null,
          "qualityControl": "V"
        },
        "cloudLayers": [
          {
            "base": {
              "unitCode": "wmoUnit:m",
              "value": null
            },
            "amount": "CLR"
          }
        ]
      }
    },
    {
      "id": "https://api.weather.gov/stations/KNUC/observations/2026-03-22T03:56:00+00:00",
      "type": "Feature",
      "geometry": {
        "type": "Point",
        "coordinates": [
          -118.58,
          33.02
        ]
      },
      "properties": {
        "@id": "https://api.weather.gov/stations/KNUC/observations/2026-03-22T03:56:00+00:00",
        "@type": "wx:ObservationStation",
        "elevation": {
          "unitCode": "wmoUnit:m",
          "value": 55
        },
        "station": "https://api.weather.gov/stations/KNUC",
        "stationId": "KNUC",
        "stationName": "San Clemente Island NALF",
        "timestamp": "2026-03-22T03:56:00+00:00",
        "rawMessage": "KNUC 220356Z AUTO 16/07 RMK AO2 SLPNO T01560067 PWINO PNO $",
        "textDescription": "",
        "icon": null,
        "presentWeather": [],
        "temperature": {
          "unitCode": "wmoUnit:degC",
          "value": 15.6,
          "qualityControl": "V"
        },
        "dewpoint": {
          "unitCode": "wmoUnit:degC",
          "value": 6.7,
          "qualityControl": "V"
        },
        "windDirection": {
          "unitCode": "wmoUnit:degree_(angle)",
          "value": null,
          "qualityControl": "Z"
        },
        "windSpeed": {
          "unitCode": "wmoUnit:km_h-1",
          "value": null,
          "qualityControl": "Z"
        },
        "windGust": {
          "unitCode": "wmoUnit:km_h-1",
          "value": null,
          "qualityControl": "Z"
        },
        "barometricPressure": {
          "unitCode": "wmoUnit:Pa",
          "value": null,
          "qualityControl": "Z"
        },
        "seaLevelPressure": {
          "unitCode": "wmoUnit:Pa",
          "value": null,
          "qualityControl": "Z"
        },
        "visibility": {
          "unitCode": "wmoUnit:m",
          "value": null,
          "qualityControl": "Z"
        },
        "maxTemperatureLast24Hours": {
          "unitCode": "wmoUnit:degC",
          "value": null
        },
        "minTemperatureLast24Hours": {
          "unitCode": "wmoUnit:degC",
          "value": null
        },
        "precipitationLastHour": {
          "unitCode": "wmoUnit:mm",
          "value": null,
          "qualityControl": "Z"
        },
        "precipitationLast3Hours": {
          "unitCode": "wmoUnit:mm",
          "value": null,
          "qualityControl": "Z"
        },
        "precipitationLast6Hours": {
          "unitCode": "wmoUnit:mm",
          "value": null,
          "qualityControl": "Z"
        },
        "relativeHumidity": {
          "unitCode": "wmoUnit:percent",
          "value": 55.420597274103,
          "qualityControl": "V"
        },
        "windChill": {
          "unitCode": "wmoUnit:degC",
          "value": null,
          "qualityControl": "V"
        },
        "heatIndex": {
          "unitCode": "wmoUnit:degC",
          "value": null,
          "qualityControl": "V"
        },
        "cloudLayers": []
      }
    },
    {
      "id": "https://api.weather.gov/stations/KSDB/observations/2026-03-23T02:51:00+00:00",
      "type": "Feature",
      "geometry": {
        "type": "Point",
        "coordinates": [
          -118.73,
          34.75
        ]
      },
      "properties": {
        "@id": "https://api.weather.gov/stations/KSDB/observations/2026-03-23T02:51:00+00:00",
        "@type": "wx:ObservationStation",
        "elevation": {
          "unitCode": "wmoUnit:m",
          "value": 1379
        },
        "station": "https://api.weather.gov/stations/KSDB",
        "stationId": "KSDB",
        "stationName": "Sandberg",
        "timestamp": "2026-03-23T02:51:00+00:00",
        "rawMessage": "KSDB 230251Z AUTO 33016G23KT 10SM CLR 17/07 A3006 RMK AO2 PK WND 34026/0220 SLP136 60000 T01720067 53001",
        "textDescription": "Clear",
        "icon": "https://api.weather.gov/icons/land/night/skc?size=medium",
        "presentWeather": [],
        "temperature": {
          "unitCode": "wmoUnit:degC",
          "value": 17.2,
          "qualityControl": "V"
        },
        "dewpoint": {
          "unitCode": "wmoUnit:degC",
          "value": 6.7,
          "qualityControl": "V"
        },
        "windDirection": {
          "unitCode": "wmoUnit:degree_(angle)",
          "value": 330,
          "qualityControl": "V"
        },
        "windSpeed": {
          "unitCode": "wmoUnit:km_h-1",
          "value": 29.52,
          "qualityControl": "V"
        },
        "windGust": {
          "unitCode": "wmoUnit:km_h-1",
          "value": 42.48,
          "qualityControl": "C"
        },
        "barometricPressure": {
          "unitCode": "wmoUnit:Pa",
          "value": null,
          "qualityControl": "Z"
        },
        "seaLevelPressure": {
          "unitCode": "wmoUnit:Pa",
          "value": 101360,
          "qualityControl": "V"
        },
        "visibility": {
          "unitCode": "wmoUnit:m",
          "value": 16090,
          "qualityControl": "C"
        },
        "maxTemperatureLast24Hours": {
          "unitCode": "wmoUnit:degC",
          "value": null
        },
        "minTemperatureLast24Hours": {
          "unitCode": "wmoUnit:degC",
          "value": null
        },
        "precipitationLastHour": {
          "unitCode": "wmoUnit:mm",
          "value": null,
          "qualityControl": "Z"
        },
        "precipitationLast3Hours": {
          "unitCode": "wmoUnit:mm",
          "value": 0,
          "qualityControl": "C"
        },
        "precipitationLast6Hours": {
          "unitCode": "wmoUnit:mm",
          "value": null,
          "qualityControl": "Z"
        },
        "relativeHumidity": {
          "unitCode": "wmoUnit:percent",
          "value": 50.055164265978,
          "qualityControl": "V"
        },
        "windChill": {
          "unitCode": "wmoUnit:degC",
          "value": null,
          "qualityControl": "V"
        },
        "heatIndex": {
          "unitCode": "wmoUnit:degC",
          "value": null,
          "qualityControl": "V"
        },
        "cloudLayers": [
          {
            "base": {
              "unitCode": "wmoUnit:m",
              "value": null
            },
            "amount": "CLR"
          }
        ]
      }
    },
    {
      "id": "https://api.weather.gov/stations/KSDM/observations/2026-03-23T03:05:00+00:00",
      "type": "Feature",
      "geometry": {
        "type": "Point",
        "coordinates": [
          -116.98,
          32.57
        ]
      },
      "properties": {
        "@id": "https://api.weather.gov/stations/KSDM/observations/2026-03-23T03:05:00+00:00",
        "@type": "wx:ObservationStation",
        "elevation": {
          "unitCode": "wmoUnit:m",
          "value": 160
        },
        "station": "https://api.weather.gov/stations/KSDM",
        "stationId": "KSDM",
        "stationName": "San Diego, Brown Field Municipal Airport",
        "timestamp": "2026-03-23T03:05:00+00:00",
        "rawMessage": "",
        "textDescription": "Clear",
        "icon": "https://api.weather.gov/icons/land/night/skc?size=medium",
        "presentWeather": [],
        "temperature": {
          "unitCode": "wmoUnit:degC",
          "value": 16,
          "qualityControl": "V"
        },
        "dewpoint": {
          "unitCode": "wmoUnit:degC",
          "value": 14,
          "qualityControl": "V"
        },
        "windDirection": {
          "unitCode": "wmoUnit:degree_(angle)",
          "value": 0,
          "qualityControl": "V"
        },
        "windSpeed": {
          "unitCode": "wmoUnit:km_h-1",
          "value": 0,
          "qualityControl": "V"
        },
        "windGust": {
          "unitCode": "wmoUnit:km_h-1",
          "value": null,
          "qualityControl": "Z"
        },
        "barometricPressure": {
          "unitCode": "wmoUnit:Pa",
          "value": 101219.16,
          "qualityControl": "V"
        },
        "seaLevelPressure": {
          "unitCode": "wmoUnit:Pa",
          "value": null,
          "qualityControl": "Z"
        },
        "visibility": {
          "unitCode": "wmoUnit:m",
          "value": 16093.44,
          "qualityControl": "C"
        },
        "maxTemperatureLast24Hours": {
          "unitCode": "wmoUnit:degC",
          "value": null
        },
        "minTemperatureLast24Hours": {
          "unitCode": "wmoUnit:degC",
          "value": null
        },
        "precipitationLast3Hours": {
          "unitCode": "wmoUnit:mm",
          "value": null,
          "qualityControl": "Z"
        },
        "relativeHumidity": {
          "unitCode": "wmoUnit:percent",
          "value": 87.926615024549,
          "qualityControl": "V"
        },
        "windChill": {
          "unitCode": "wmoUnit:degC",
          "value": null,
          "qualityControl": "V"
        },
        "heatIndex": {
          "unitCode": "wmoUnit:degC",
          "value": null,
          "qualityControl": "V"
        },
        "cloudLayers": [
          {
            "base": {
              "unitCode": "wmoUnit:m",
              "value": 3810
            },
            "amount": "CLR"
          }
        ]
      }
    },
    {
      "id": "https://api.weather.gov/stations/KSAN/observations/2026-03-23T03:05:00+00:00",
      "type": "Feature",
      "geometry": {
        "type": "Point",
        "coordinates": [
          -117.17,
          32.73
        ]
      },
      "properties": {
        "@id": "https://api.weather.gov/stations/KSAN/observations/2026-03-23T03:05:00+00:00",
        "@type": "wx:ObservationStation",
        "elevation": {
          "unitCode": "wmoUnit:m",
          "value": 9
        },
        "station": "https://api.weather.gov/stations/KSAN",
        "stationId": "KSAN",
        "stationName": "San Diego International Airport",
        "timestamp": "2026-03-23T03:05:00+00:00",
        "rawMessage": "",
        "textDescription": "Clear",
        "icon": "https://api.weather.gov/icons/land/night/skc?size=medium",
        "presentWeather": [],
        "temperature": {
          "unitCode": "wmoUnit:degC",
          "value": 17,
          "qualityControl": "V"
        },
        "dewpoint": {
          "unitCode": "wmoUnit:degC",
          "value": 14,
          "qualityControl": "V"
        },
        "windDirection": {
          "unitCode": "wmoUnit:degree_(angle)",
          "value": 300,
          "qualityControl": "V"
        },
        "windSpeed": {
          "unitCode": "wmoUnit:km_h-1",
          "value": 7.416,
          "qualityControl": "V"
        },
        "windGust": {
          "unitCode": "wmoUnit:km_h-1",
          "value": null,
          "qualityControl": "Z"
        },
        "barometricPressure": {
          "unitCode": "wmoUnit:Pa",
          "value": 101253.02,
          "qualityControl": "V"
        },
        "seaLevelPressure": {
          "unitCode": "wmoUnit:Pa",
          "value": null,
          "qualityControl": "Z"
        },
        "visibility": {
          "unitCode": "wmoUnit:m",
          "value": 16093.44,
          "qualityControl": "C"
        },
        "maxTemperatureLast24Hours": {
          "unitCode": "wmoUnit:degC",
          "value": null
        },
        "minTemperatureLast24Hours": {
          "unitCode": "wmoUnit:degC",
          "value": null
        },
        "precipitationLast3Hours": {
          "unitCode": "wmoUnit:mm",
          "value": null,
          "qualityControl": "Z"
        },
        "relativeHumidity": {
          "unitCode": "wmoUnit:percent",
          "value": 82.509292694902,
          "qualityControl": "V"
        },
        "windChill": {
          "unitCode": "wmoUnit:degC",
          "value": null,
          "qualityControl": "V"
        },
        "heatIndex": {
          "unitCode": "wmoUnit:degC",
          "value": null,
          "qualityControl": "V"
        },
        "cloudLayers": [
          {
            "base": {
              "unitCode": "wmoUnit:m",
              "value": 3810
            },
            "amount": "CLR"
          }
        ]
      }
    },
    {
      "id": "https://api.weather.gov/stations/KMYF/observations/2026-03-23T03:05:00+00:00",
      "type": "Feature",
      "geometry": {
        "type": "Point",
        "coordinates": [
          -117.13,
          32.82
        ]
      },
      "properties": {
        "@id": "https://api.weather.gov/stations/KMYF/observations/2026-03-23T03:05:00+00:00",
        "@type": "wx:ObservationStation",
        "elevation": {
          "unitCode": "wmoUnit:m",
          "value": 129
        },
        "station": "https://api.weather.gov/stations/KMYF",
        "stationId": "KMYF",
        "stationName": "San Diego, Montgomery Field",
        "timestamp": "2026-03-23T03:05:00+00:00",
        "rawMessage": "",
        "textDescription": "Clear",
        "icon": "https://api.weather.gov/icons/land/night/skc?size=medium",
        "presentWeather": [],
        "temperature": {
          "unitCode": "wmoUnit:degC",
          "value": 17,
          "qualityControl": "V"
        },
        "dewpoint": {
          "unitCode": "wmoUnit:degC",
          "value": 14,
          "qualityControl": "V"
        },
        "windDirection": {
          "unitCode": "wmoUnit:degree_(angle)",
          "value": 350,
          "qualityControl": "V"
        },
        "windSpeed": {
          "unitCode": "wmoUnit:km_h-1",
          "value": 7.416,
          "qualityControl": "V"
        },
        "windGust": {
          "unitCode": "wmoUnit:km_h-1",
          "value": null,
          "qualityControl": "Z"
        },
        "barometricPressure": {
          "unitCode": "wmoUnit:Pa",
          "value": 101219.16,
          "qualityControl": "V"
        },
        "seaLevelPressure": {
          "unitCode": "wmoUnit:Pa",
          "value": null,
          "qualityControl": "Z"
        },
        "visibility": {
          "unitCode": "wmoUnit:m",
          "value": 16093.44,
          "qualityControl": "C"
        },
        "maxTemperatureLast24Hours": {
          "unitCode": "wmoUnit:degC",
          "value": null
        },
        "minTemperatureLast24Hours": {
          "unitCode": "wmoUnit:degC",
          "value": null
        },
        "precipitationLast3Hours": {
          "unitCode": "wmoUnit:mm",
          "value": null,
          "qualityControl": "Z"
        },
        "relativeHumidity": {
          "unitCode": "wmoUnit:percent",
          "value": 82.509292694902,
          "qualityControl": "V"
        },
        "windChill": {
          "unitCode": "wmoUnit:degC",
          "value": null,
          "qualityControl": "V"
        },
        "heatIndex": {
          "unitCode": "wmoUnit:degC",
          "value": null,
          "qualityControl": "V"
        },
        "cloudLayers": [
          {
            "base": {
              "unitCode": "wmoUnit:m",
              "value": 3810
            },
            "amount": "CLR"
          }
        ]
      }
    },
    {
      "id": "https://api.weather.gov/stations/KSEE/observations/2026-03-23T01:59:00+00:00",
      "type": "Feature",
      "geometry": {
        "type": "Point",
        "coordinates": [
          -116.97,
          32.83
        ]
      },
      "properties": {
        "@id": "https://api.weather.gov/stations/KSEE/observations/2026-03-23T01:59:00+00:00",
        "@type": "wx:ObservationStation",
        "elevation": {
          "unitCode": "wmoUnit:m",
          "value": 117
        },
        "station": "https://api.weather.gov/stations/KSEE",
        "stationId": "KSEE",
        "stationName": "Gillespie Field Airport",
        "timestamp": "2026-03-23T01:59:00+00:00",
        "rawMessage": "",
        "textDescription": "",
        "icon": null,
        "presentWeather": [],
        "temperature": {
          "unitCode": "wmoUnit:degC",
          "value": 22,
          "qualityControl": "V"
        },
        "dewpoint": {
          "unitCode": "wmoUnit:degC",
          "value": 11,
          "qualityControl": "V"
        },
        "windDirection": {
          "unitCode": "wmoUnit:degree_(angle)",
          "value": 260,
          "qualityControl": "V"
        },
        "windSpeed": {
          "unitCode": "wmoUnit:km_h-1",
          "value": 11.16,
          "qualityControl": "V"
        },
        "windGust": {
          "unitCode": "wmoUnit:km_h-1",
          "value": null,
          "qualityControl": "Z"
        },
        "barometricPressure": {
          "unitCode": "wmoUnit:Pa",
          "value": 101190,
          "qualityControl": "V"
        },
        "seaLevelPressure": {
          "unitCode": "wmoUnit:Pa",
          "value": null,
          "qualityControl": "Z"
        },
        "visibility": {
          "unitCode": "wmoUnit:m",
          "value": 16090,
          "qualityControl": "C"
        },
        "maxTemperatureLast24Hours": {
          "unitCode": "wmoUnit:degC",
          "value": null
        },
        "minTemperatureLast24Hours": {
          "unitCode": "wmoUnit:degC",
          "value": null
        },
        "precipitationLastHour": {
          "unitCode": "wmoUnit:mm",
          "value": null,
          "qualityControl": "Z"
        },
        "precipitationLast3Hours": {
          "unitCode": "wmoUnit:mm",
          "value": null,
          "qualityControl": "Z"
        },
        "precipitationLast6Hours": {
          "unitCode": "wmoUnit:mm",
          "value": null,
          "qualityControl": "Z"
        },
        "relativeHumidity": {
          "unitCode": "wmoUnit:percent",
          "value": 49.667494492032,
          "qualityControl": "V"
        },
        "windChill": {
          "unitCode": "wmoUnit:degC",
          "value": null,
          "qualityControl": "V"
        },
        "heatIndex": {
          "unitCode": "wmoUnit:degC",
          "value": 21.55242902284778,
          "qualityControl": "V"
        },
        "cloudLayers": []
      }
    },
    {
      "id": "https://api.weather.gov/stations/KSFO/observations/2026-03-23T03:00:00+00:00",
      "type": "Feature",
      "geometry": {
        "type": "Point",
        "coordinates": [
          -122.38,
          37.62
        ]
      },
      "properties": {
        "@id": "https://api.weather.gov/stations/KSFO/observations/2026-03-23T03:00:00+00:00",
        "@type": "wx:ObservationStation",
        "elevation": {
          "unitCode": "wmoUnit:m",
          "value": 5
        },
        "station": "https://api.weather.gov/stations/KSFO",
        "stationId": "KSFO",
        "stationName": "San Francisco, San Francisco International Airport",
        "timestamp": "2026-03-23T03:00:00+00:00",
        "rawMessage": "",
        "textDescription": "Clear",
        "icon": "https://api.weather.gov/icons/land/night/skc?size=medium",
        "presentWeather": [],
        "temperature": {
          "unitCode": "wmoUnit:degC",
          "value": 13,
          "qualityControl": "V"
        },
        "dewpoint": {
          "unitCode": "wmoUnit:degC",
          "value": 8,
          "qualityControl": "V"
        },
        "windDirection": {
          "unitCode": "wmoUnit:degree_(angle)",
          "value": null,
          "qualityControl": "Z"
        },
        "windSpeed": {
          "unitCode": "wmoUnit:km_h-1",
          "value": null,
          "qualityControl": "Z"
        },
        "windGust": {
          "unitCode": "wmoUnit:km_h-1",
          "value": null,
          "qualityControl": "Z"
        },
        "barometricPressure": {
          "unitCode": "wmoUnit:Pa",
          "value": 101523.93,
          "qualityControl": "V"
        },
        "seaLevelPressure": {
          "unitCode": "wmoUnit:Pa",
          "value": null,
          "qualityControl": "Z"
        },
        "visibility": {
          "unitCode": "wmoUnit:m",
          "value": 16093.44,
          "qualityControl": "C"
        },
        "maxTemperatureLast24Hours": {
          "unitCode": "wmoUnit:degC",
          "value": null
        },
        "minTemperatureLast24Hours": {
          "unitCode": "wmoUnit:degC",
          "value": null
        },
        "precipitationLast3Hours": {
          "unitCode": "wmoUnit:mm",
          "value": null,
          "qualityControl": "Z"
        },
        "relativeHumidity": {
          "unitCode": "wmoUnit:percent",
          "value": 71.661522629146,
          "qualityControl": "V"
        },
        "windChill": {
          "unitCode": "wmoUnit:degC",
          "value": null,
          "qualityControl": "V"
        },
        "heatIndex": {
          "unitCode": "wmoUnit:degC",
          "value": null,
          "qualityControl": "V"
        },
        "cloudLayers": [
          {
            "base": {
              "unitCode": "wmoUnit:m",
              "value": 3810
            },
            "amount": "CLR"
          }
        ]
      }
    },
    {
      "id": "https://api.weather.gov/stations/KSJC/observations/2026-03-23T03:00:00+00:00",
      "type": "Feature",
      "geometry": {
        "type": "Point",
        "coordinates": [
          -121.93,
          37.37
        ]
      },
      "properties": {
        "@id": "https://api.weather.gov/stations/KSJC/observations/2026-03-23T03:00:00+00:00",
        "@type": "wx:ObservationStation",
        "elevation": {
          "unitCode": "wmoUnit:m",
          "value": 17
        },
        "station": "https://api.weather.gov/stations/KSJC",
        "stationId": "KSJC",
        "stationName": "San Jose, San Jose International Airport",
        "timestamp": "2026-03-23T03:00:00+00:00",
        "rawMessage": "",
        "textDescription": "Mostly Clear",
        "icon": "https://api.weather.gov/icons/land/night/few?size=medium",
        "presentWeather": [],
        "temperature": {
          "unitCode": "wmoUnit:degC",
          "value": 17,
          "qualityControl": "V"
        },
        "dewpoint": {
          "unitCode": "wmoUnit:degC",
          "value": 9,
          "qualityControl": "V"
        },
        "windDirection": {
          "unitCode": "wmoUnit:degree_(angle)",
          "value": 320,
          "qualityControl": "V"
        },
        "windSpeed": {
          "unitCode": "wmoUnit:km_h-1",
          "value": 18.504,
          "qualityControl": "V"
        },
        "windGust": {
          "unitCode": "wmoUnit:km_h-1",
          "value": null,
          "qualityControl": "Z"
        },
        "barometricPressure": {
          "unitCode": "wmoUnit:Pa",
          "value": 101456.2,
          "qualityControl": "V"
        },
        "seaLevelPressure": {
          "unitCode": "wmoUnit:Pa",
          "value": null,
          "qualityControl": "Z"
        },
        "visibility": {
          "unitCode": "wmoUnit:m",
          "value": 16093.44,
          "qualityControl": "C"
        },
        "maxTemperatureLast24Hours": {
          "unitCode": "wmoUnit:degC",
          "value": null
        },
        "minTemperatureLast24Hours": {
          "unitCode": "wmoUnit:degC",
          "value": null
        },
        "precipitationLast3Hours": {
          "unitCode": "wmoUnit:mm",
          "value": null,
          "qualityControl": "Z"
        },
        "relativeHumidity": {
          "unitCode": "wmoUnit:percent",
          "value": 59.28213477523,
          "qualityControl": "V"
        },
        "windChill": {
          "unitCode": "wmoUnit:degC",
          "value": null,
          "qualityControl": "V"
        },
        "heatIndex": {
          "unitCode": "wmoUnit:degC",
          "value": null,
          "qualityControl": "V"
        },
        "cloudLayers": [
          {
            "base": {
              "unitCode": "wmoUnit:m",
              "value": 1828.8
            },
            "amount": "FEW"
          },
          {
            "base": {
              "unitCode": "wmoUnit:m",
              "value": 2438.4
            },
            "amount": "FEW"
          }
        ]
      }
    },
    {
      "id": "https://api.weather.gov/stations/KRHV/observations/2026-03-23T00:47:00+00:00",
      "type": "Feature",
      "geometry": {
        "type": "Point",
        "coordinates": [
          -121.82,
          37.33
        ]
      },
      "properties": {
        "@id": "https://api.weather.gov/stations/KRHV/observations/2026-03-23T00:47:00+00:00",
        "@type": "wx:ObservationStation",
        "elevation": {
          "unitCode": "wmoUnit:m",
          "value": 41
        },
        "station": "https://api.weather.gov/stations/KRHV",
        "stationId": "KRHV",
        "stationName": "San Jose / Reid / Hillv",
        "timestamp": "2026-03-23T00:47:00+00:00",
        "rawMessage": "KRHV 230047Z 33006KT 10SM SCT080 26/09 A2993",
        "textDescription": "Partly Cloudy",
        "icon": "https://api.weather.gov/icons/land/night/sct?size=medium",
        "presentWeather": [],
        "temperature": {
          "unitCode": "wmoUnit:degC",
          "value": 26,
          "qualityControl": "V"
        },
        "dewpoint": {
          "unitCode": "wmoUnit:degC",
          "value": 9,
          "qualityControl": "V"
        },
        "windDirection": {
          "unitCode": "wmoUnit:degree_(angle)",
          "value": 330,
          "qualityControl": "V"
        },
        "windSpeed": {
          "unitCode": "wmoUnit:km_h-1",
          "value": 11.16,
          "qualityControl": "V"
        },
        "windGust": {
          "unitCode": "wmoUnit:km_h-1",
          "value": null,
          "qualityControl": "Z"
        },
        "barometricPressure": {
          "unitCode": "wmoUnit:Pa",
          "value": 101360,
          "qualityControl": "V"
        },
        "seaLevelPressure": {
          "unitCode": "wmoUnit:Pa",
          "value": null,
          "qualityControl": "Z"
        },
        "visibility": {
          "unitCode": "wmoUnit:m",
          "value": 16090,
          "qualityControl": "C"
        },
        "maxTemperatureLast24Hours": {
          "unitCode": "wmoUnit:degC",
          "value": null
        },
        "minTemperatureLast24Hours": {
          "unitCode": "wmoUnit:degC",
          "value": null
        },
        "precipitationLastHour": {
          "unitCode": "wmoUnit:mm",
          "value": null,
          "qualityControl": "Z"
        },
        "precipitationLast3Hours": {
          "unitCode": "wmoUnit:mm",
          "value": null,
          "qualityControl": "Z"
        },
        "precipitationLast6Hours": {
          "unitCode": "wmoUnit:mm",
          "value": null,
          "qualityControl": "Z"
        },
        "relativeHumidity": {
          "unitCode": "wmoUnit:percent",
          "value": 34.166862775596,
          "qualityControl": "V"
        },
        "windChill": {
          "unitCode": "wmoUnit:degC",
          "value": null,
          "qualityControl": "V"
        },
        "heatIndex": {
          "unitCode": "wmoUnit:degC",
          "value": 25.547690305807222,
          "qualityControl": "V"
        },
        "cloudLayers": [
          {
            "base": {
              "unitCode": "wmoUnit:m",
              "value": 2440
            },
            "amount": "SCT"
          }
        ]
      }
    },
    {
      "id": "https://api.weather.gov/stations/KSBP/observations/2026-03-23T03:00:00+00:00",
      "type": "Feature",
      "geometry": {
        "type": "Point",
        "coordinates": [
          -120.63,
          35.23
        ]
      },
      "properties": {
        "@id": "https://api.weather.gov/stations/KSBP/observations/2026-03-23T03:00:00+00:00",
        "@type": "wx:ObservationStation",
        "elevation": {
          "unitCode": "wmoUnit:m",
          "value": 64
        },
        "station": "https://api.weather.gov/stations/KSBP",
        "stationId": "KSBP",
        "stationName": "San Luis Obispo, San Luis Obispo County-Mc Chesney Field",
        "timestamp": "2026-03-23T03:00:00+00:00",
        "rawMessage": "",
        "textDescription": "Clear",
        "icon": "https://api.weather.gov/icons/land/night/skc?size=medium",
        "presentWeather": [],
        "temperature": {
          "unitCode": "wmoUnit:degC",
          "value": 14,
          "qualityControl": "V"
        },
        "dewpoint": {
          "unitCode": "wmoUnit:degC",
          "value": 12,
          "qualityControl": "V"
        },
        "windDirection": {
          "unitCode": "wmoUnit:degree_(angle)",
          "value": 320,
          "qualityControl": "V"
        },
        "windSpeed": {
          "unitCode": "wmoUnit:km_h-1",
          "value": 18.504,
          "qualityControl": "V"
        },
        "windGust": {
          "unitCode": "wmoUnit:km_h-1",
          "value": null,
          "qualityControl": "Z"
        },
        "barometricPressure": {
          "unitCode": "wmoUnit:Pa",
          "value": 101253.02,
          "qualityControl": "V"
        },
        "seaLevelPressure": {
          "unitCode": "wmoUnit:Pa",
          "value": null,
          "qualityControl": "Z"
        },
        "visibility": {
          "unitCode": "wmoUnit:m",
          "value": 12874.75,
          "qualityControl": "C"
        },
        "maxTemperatureLast24Hours": {
          "unitCode": "wmoUnit:degC",
          "value": null
        },
        "minTemperatureLast24Hours": {
          "unitCode": "wmoUnit:degC",
          "value": null
        },
        "precipitationLast3Hours": {
          "unitCode": "wmoUnit:mm",
          "value": null,
          "qualityControl": "Z"
        },
        "relativeHumidity": {
          "unitCode": "wmoUnit:percent",
          "value": 87.749358083507,
          "qualityControl": "V"
        },
        "windChill": {
          "unitCode": "wmoUnit:degC",
          "value": null,
          "qualityControl": "V"
        },
        "heatIndex": {
          "unitCode": "wmoUnit:degC",
          "value": null,
          "qualityControl": "V"
        },
        "cloudLayers": [
          {
            "base": {
              "unitCode": "wmoUnit:m",
              "value": 3810
            },
            "amount": "CLR"
          }
        ]
      }
    },
    {
      "id": "https://api.weather.gov/stations/KE16/observations/2026-03-23T02:30:00+00:00",
      "type": "Feature",
      "geometry": {
        "type": "Point",
        "coordinates": [
          -121.6,
          37.08
        ]
      },
      "properties": {
        "@id": "https://api.weather.gov/stations/KE16/observations/2026-03-23T02:30:00+00:00",
        "@type": "wx:ObservationStation",
        "elevation": {
          "unitCode": "wmoUnit:m",
          "value": 86
        },
        "station": "https://api.weather.gov/stations/KE16",
        "stationId": "KE16",
        "stationName": "South County Airport of Santa Clara County",
        "timestamp": "2026-03-23T02:30:00+00:00",
        "rawMessage": "KE16 230230Z AUTO 31005KT 10SM CLR 23/07 A2995 RMK AO2",
        "textDescription": "Clear",
        "icon": "https://api.weather.gov/icons/land/night/skc?size=medium",
        "presentWeather": [],
        "temperature": {
          "unitCode": "wmoUnit:degC",
          "value": 23,
          "qualityControl": "V"
        },
        "dewpoint": {
          "unitCode": "wmoUnit:degC",
          "value": 7,
          "qualityControl": "V"
        },
        "windDirection": {
          "unitCode": "wmoUnit:degree_(angle)",
          "value": 310,
          "qualityControl": "V"
        },
        "windSpeed": {
          "unitCode": "wmoUnit:km_h-1",
          "value": 9.36,
          "qualityControl": "V"
        },
        "windGust": {
          "unitCode": "wmoUnit:km_h-1",
          "value": null,
          "qualityControl": "Z"
        },
        "barometricPressure": {
          "unitCode": "wmoUnit:Pa",
          "value": 101420,
          "qualityControl": "V"
        },
        "seaLevelPressure": {
          "unitCode": "wmoUnit:Pa",
          "value": null,
          "qualityControl": "Z"
        },
        "visibility": {
          "unitCode": "wmoUnit:m",
          "value": 16090,
          "qualityControl": "C"
        },
        "maxTemperatureLast24Hours": {
          "unitCode": "wmoUnit:degC",
          "value": null
        },
        "minTemperatureLast24Hours": {
          "unitCode": "wmoUnit:degC",
          "value": null
        },
        "precipitationLastHour": {
          "unitCode": "wmoUnit:mm",
          "value": null,
          "qualityControl": "Z"
        },
        "precipitationLast3Hours": {
          "unitCode": "wmoUnit:mm",
          "value": null,
          "qualityControl": "Z"
        },
        "precipitationLast6Hours": {
          "unitCode": "wmoUnit:mm",
          "value": null,
          "qualityControl": "Z"
        },
        "relativeHumidity": {
          "unitCode": "wmoUnit:percent",
          "value": 35.689417154665,
          "qualityControl": "V"
        },
        "windChill": {
          "unitCode": "wmoUnit:degC",
          "value": null,
          "qualityControl": "V"
        },
        "heatIndex": {
          "unitCode": "wmoUnit:degC",
          "value": 22.287445892371668,
          "qualityControl": "V"
        },
        "cloudLayers": [
          {
            "base": {
              "unitCode": "wmoUnit:m",
              "value": null
            },
            "amount": "CLR"
          }
        ]
      }
    },
    {
      "id": "https://api.weather.gov/stations/KNSI/observations/2026-03-23T02:53:00+00:00",
      "type": "Feature",
      "geometry": {
        "type": "Point",
        "coordinates": [
          -119.45,
          33.22
        ]
      },
      "properties": {
        "@id": "https://api.weather.gov/stations/KNSI/observations/2026-03-23T02:53:00+00:00",
        "@type": "wx:ObservationStation",
        "elevation": {
          "unitCode": "wmoUnit:m",
          "value": 154
        },
        "station": "https://api.weather.gov/stations/KNSI",
        "stationId": "KNSI",
        "stationName": "San Nicolas Island Naval Outlying Field",
        "timestamp": "2026-03-23T02:53:00+00:00",
        "rawMessage": "KNSI 230253Z AUTO 31014KT OVC003 13/13 A2988 RMK AO2 SLP114 T01330128 55001 $",
        "textDescription": "Cloudy",
        "icon": "https://api.weather.gov/icons/land/night/ovc?size=medium",
        "presentWeather": [],
        "temperature": {
          "unitCode": "wmoUnit:degC",
          "value": 13.3,
          "qualityControl": "V"
        },
        "dewpoint": {
          "unitCode": "wmoUnit:degC",
          "value": 12.8,
          "qualityControl": "V"
        },
        "windDirection": {
          "unitCode": "wmoUnit:degree_(angle)",
          "value": 310,
          "qualityControl": "V"
        },
        "windSpeed": {
          "unitCode": "wmoUnit:km_h-1",
          "value": 25.92,
          "qualityControl": "V"
        },
        "windGust": {
          "unitCode": "wmoUnit:km_h-1",
          "value": null,
          "qualityControl": "Z"
        },
        "barometricPressure": {
          "unitCode": "wmoUnit:Pa",
          "value": 101190,
          "qualityControl": "V"
        },
        "seaLevelPressure": {
          "unitCode": "wmoUnit:Pa",
          "value": 101140,
          "qualityControl": "V"
        },
        "visibility": {
          "unitCode": "wmoUnit:m",
          "value": null,
          "qualityControl": "Z"
        },
        "maxTemperatureLast24Hours": {
          "unitCode": "wmoUnit:degC",
          "value": null
        },
        "minTemperatureLast24Hours": {
          "unitCode": "wmoUnit:degC",
          "value": null
        },
        "precipitationLastHour": {
          "unitCode": "wmoUnit:mm",
          "value": null,
          "qualityControl": "Z"
        },
        "precipitationLast3Hours": {
          "unitCode": "wmoUnit:mm",
          "value": null,
          "qualityControl": "Z"
        },
        "precipitationLast6Hours": {
          "unitCode": "wmoUnit:mm",
          "value": null,
          "qualityControl": "Z"
        },
        "relativeHumidity": {
          "unitCode": "wmoUnit:percent",
          "value": 96.786933419961,
          "qualityControl": "V"
        },
        "windChill": {
          "unitCode": "wmoUnit:degC",
          "value": null,
          "qualityControl": "V"
        },
        "heatIndex": {
          "unitCode": "wmoUnit:degC",
          "value": null,
          "qualityControl": "V"
        },
        "cloudLayers": [
          {
            "base": {
              "unitCode": "wmoUnit:m",
              "value": 90
            },
            "amount": "OVC"
          }
        ]
      }
    },
    {
      "id": "https://api.weather.gov/stations/KSBA/observations/2026-03-23T03:00:00+00:00",
      "type": "Feature",
      "geometry": {
        "type": "Point",
        "coordinates": [
          -119.83,
          34.43
        ]
      },
      "properties": {
        "@id": "https://api.weather.gov/stations/KSBA/observations/2026-03-23T03:00:00+00:00",
        "@type": "wx:ObservationStation",
        "elevation": {
          "unitCode": "wmoUnit:m",
          "value": 3
        },
        "station": "https://api.weather.gov/stations/KSBA",
        "stationId": "KSBA",
        "stationName": "Santa Barbara, Santa Barbara Municipal Airport",
        "timestamp": "2026-03-23T03:00:00+00:00",
        "rawMessage": "",
        "textDescription": "Fog/Mist",
        "icon": "https://api.weather.gov/icons/land/night/fog?size=medium",
        "presentWeather": [
          {
            "intensity": null,
            "modifier": null,
            "weather": "fog_mist",
            "rawString": "BR"
          }
        ],
        "temperature": {
          "unitCode": "wmoUnit:degC",
          "value": 16,
          "qualityControl": "V"
        },
        "dewpoint": {
          "unitCode": "wmoUnit:degC",
          "value": 15,
          "qualityControl": "V"
        },
        "windDirection": {
          "unitCode": "wmoUnit:degree_(angle)",
          "value": 0,
          "qualityControl": "V"
        },
        "windSpeed": {
          "unitCode": "wmoUnit:km_h-1",
          "value": 0,
          "qualityControl": "V"
        },
        "windGust": {
          "unitCode": "wmoUnit:km_h-1",
          "value": null,
          "qualityControl": "Z"
        },
        "barometricPressure": {
          "unitCode": "wmoUnit:Pa",
          "value": 101185.29,
          "qualityControl": "V"
        },
        "seaLevelPressure": {
          "unitCode": "wmoUnit:Pa",
          "value": null,
          "qualityControl": "Z"
        },
        "visibility": {
          "unitCode": "wmoUnit:m",
          "value": 9656.06,
          "qualityControl": "C"
        },
        "maxTemperatureLast24Hours": {
          "unitCode": "wmoUnit:degC",
          "value": null
        },
        "minTemperatureLast24Hours": {
          "unitCode": "wmoUnit:degC",
          "value": null
        },
        "precipitationLast3Hours": {
          "unitCode": "wmoUnit:mm",
          "value": null,
          "qualityControl": "Z"
        },
        "relativeHumidity": {
          "unitCode": "wmoUnit:percent",
          "value": 93.792573905746,
          "qualityControl": "V"
        },
        "windChill": {
          "unitCode": "wmoUnit:degC",
          "value": null,
          "qualityControl": "V"
        },
        "heatIndex": {
          "unitCode": "wmoUnit:degC",
          "value": null,
          "qualityControl": "V"
        },
        "cloudLayers": [
          {
            "base": {
              "unitCode": "wmoUnit:m",
              "value": 182.88
            },
            "amount": "OVC"
          }
        ]
      }
    },
    {
      "id": "https://api.weather.gov/stations/KSMX/observations/2026-03-23T03:00:00+00:00",
      "type": "Feature",
      "geometry": {
        "type": "Point",
        "coordinates": [
          -120.45,
          34.9
        ]
      },
      "properties": {
        "@id": "https://api.weather.gov/stations/KSMX/observations/2026-03-23T03:00:00+00:00",
        "@type": "wx:ObservationStation",
        "elevation": {
          "unitCode": "wmoUnit:m",
          "value": 73
        },
        "station": "https://api.weather.gov/stations/KSMX",
        "stationId": "KSMX",
        "stationName": "Santa Maria Public Airport/Capt G Allan Hancock Field",
        "timestamp": "2026-03-23T03:00:00+00:00",
        "rawMessage": "",
        "textDescription": "Fog/Mist",
        "icon": "https://api.weather.gov/icons/land/night/fog?size=medium",
        "presentWeather": [
          {
            "intensity": null,
            "modifier": null,
            "weather": "fog_mist",
            "rawString": "BR"
          }
        ],
        "temperature": {
          "unitCode": "wmoUnit:degC",
          "value": 13,
          "qualityControl": "V"
        },
        "dewpoint": {
          "unitCode": "wmoUnit:degC",
          "value": 12,
          "qualityControl": "V"
        },
        "windDirection": {
          "unitCode": "wmoUnit:degree_(angle)",
          "value": 310,
          "qualityControl": "V"
        },
        "windSpeed": {
          "unitCode": "wmoUnit:km_h-1",
          "value": 11.124,
          "qualityControl": "V"
        },
        "windGust": {
          "unitCode": "wmoUnit:km_h-1",
          "value": null,
          "qualityControl": "Z"
        },
        "barometricPressure": {
          "unitCode": "wmoUnit:Pa",
          "value": 101320.75,
          "qualityControl": "V"
        },
        "seaLevelPressure": {
          "unitCode": "wmoUnit:Pa",
          "value": null,
          "qualityControl": "Z"
        },
        "visibility": {
          "unitCode": "wmoUnit:m",
          "value": 9656.06,
          "qualityControl": "C"
        },
        "maxTemperatureLast24Hours": {
          "unitCode": "wmoUnit:degC",
          "value": null
        },
        "minTemperatureLast24Hours": {
          "unitCode": "wmoUnit:degC",
          "value": null
        },
        "precipitationLast3Hours": {
          "unitCode": "wmoUnit:mm",
          "value": null,
          "qualityControl": "Z"
        },
        "relativeHumidity": {
          "unitCode": "wmoUnit:percent",
          "value": 93.65072411462,
          "qualityControl": "V"
        },
        "windChill": {
          "unitCode": "wmoUnit:degC",
          "value": null,
          "qualityControl": "V"
        },
        "heatIndex": {
          "unitCode": "wmoUnit:degC",
          "value": null,
          "qualityControl": "V"
        },
        "cloudLayers": [
          {
            "base": {
              "unitCode": "wmoUnit:m",
              "value": 3810
            },
            "amount": "CLR"
          }
        ]
      }
    },
    {
      "id": "https://api.weather.gov/stations/KSMO/observations/2026-03-23T03:00:00+00:00",
      "type": "Feature",
      "geometry": {
        "type": "Point",
        "coordinates": [
          -118.45,
          34.02
        ]
      },
      "properties": {
        "@id": "https://api.weather.gov/stations/KSMO/observations/2026-03-23T03:00:00+00:00",
        "@type": "wx:ObservationStation",
        "elevation": {
          "unitCode": "wmoUnit:m",
          "value": 53
        },
        "station": "https://api.weather.gov/stations/KSMO",
        "stationId": "KSMO",
        "stationName": "Santa Monica, Santa Monica Municipal Airport",
        "timestamp": "2026-03-23T03:00:00+00:00",
        "rawMessage": "",
        "textDescription": "Fog/Mist",
        "icon": "https://api.weather.gov/icons/land/night/fog?size=medium",
        "presentWeather": [
          {
            "intensity": null,
            "modifier": null,
            "weather": "fog_mist",
            "rawString": "BR"
          }
        ],
        "temperature": {
          "unitCode": "wmoUnit:degC",
          "value": 16,
          "qualityControl": "V"
        },
        "dewpoint": {
          "unitCode": "wmoUnit:degC",
          "value": 14,
          "qualityControl": "V"
        },
        "windDirection": {
          "unitCode": "wmoUnit:degree_(angle)",
          "value": 230,
          "qualityControl": "V"
        },
        "windSpeed": {
          "unitCode": "wmoUnit:km_h-1",
          "value": 5.544,
          "qualityControl": "V"
        },
        "windGust": {
          "unitCode": "wmoUnit:km_h-1",
          "value": null,
          "qualityControl": "Z"
        },
        "barometricPressure": {
          "unitCode": "wmoUnit:Pa",
          "value": 101185.29,
          "qualityControl": "V"
        },
        "seaLevelPressure": {
          "unitCode": "wmoUnit:Pa",
          "value": null,
          "qualityControl": "Z"
        },
        "visibility": {
          "unitCode": "wmoUnit:m",
          "value": 6437.38,
          "qualityControl": "C"
        },
        "maxTemperatureLast24Hours": {
          "unitCode": "wmoUnit:degC",
          "value": null
        },
        "minTemperatureLast24Hours": {
          "unitCode": "wmoUnit:degC",
          "value": null
        },
        "precipitationLast3Hours": {
          "unitCode": "wmoUnit:mm",
          "value": null,
          "qualityControl": "Z"
        },
        "relativeHumidity": {
          "unitCode": "wmoUnit:percent",
          "value": 87.926615024549,
          "qualityControl": "V"
        },
        "windChill": {
          "unitCode": "wmoUnit:degC",
          "value": null,
          "qualityControl": "V"
        },
        "heatIndex": {
          "unitCode": "wmoUnit:degC",
          "value": null,
          "qualityControl": "V"
        },
        "cloudLayers": [
          {
            "base": {
              "unitCode": "wmoUnit:m",
              "value": 152.4
            },
            "amount": "OVC"
          }
        ]
      }
    },
    {
      "id": "https://api.weather.gov/stations/KSTS/observations/2026-03-23T02:10:00+00:00",
      "type": "Feature",
      "geometry": {
        "type": "Point",
        "coordinates": [
          -122.82,
          38.52
        ]
      },
      "properties": {
        "@id": "https://api.weather.gov/stations/KSTS/observations/2026-03-23T02:10:00+00:00",
        "@type": "wx:ObservationStation",
        "elevation": {
          "unitCode": "wmoUnit:m",
          "value": 38
        },
        "station": "https://api.weather.gov/stations/KSTS",
        "stationId": "KSTS",
        "stationName": "Santa Rosa, Santa Rosa Sonoma County Airport",
        "timestamp": "2026-03-23T02:10:00+00:00",
        "rawMessage": "",
        "textDescription": "Clear",
        "icon": "https://api.weather.gov/icons/land/night/skc?size=medium",
        "presentWeather": [],
        "temperature": {
          "unitCode": "wmoUnit:degC",
          "value": 15,
          "qualityControl": "V"
        },
        "dewpoint": {
          "unitCode": "wmoUnit:degC",
          "value": 9,
          "qualityControl": "V"
        },
        "windDirection": {
          "unitCode": "wmoUnit:degree_(angle)",
          "value": 150,
          "qualityControl": "V"
        },
        "windSpeed": {
          "unitCode": "wmoUnit:km_h-1",
          "value": 12.96,
          "qualityControl": "V"
        },
        "windGust": {
          "unitCode": "wmoUnit:km_h-1",
          "value": null,
          "qualityControl": "Z"
        },
        "barometricPressure": {
          "unitCode": "wmoUnit:Pa",
          "value": 101388.48,
          "qualityControl": "V"
        },
        "seaLevelPressure": {
          "unitCode": "wmoUnit:Pa",
          "value": null,
          "qualityControl": "Z"
        },
        "visibility": {
          "unitCode": "wmoUnit:m",
          "value": 14484.1,
          "qualityControl": "C"
        },
        "maxTemperatureLast24Hours": {
          "unitCode": "wmoUnit:degC",
          "value": null
        },
        "minTemperatureLast24Hours": {
          "unitCode": "wmoUnit:degC",
          "value": null
        },
        "precipitationLast3Hours": {
          "unitCode": "wmoUnit:mm",
          "value": null,
          "qualityControl": "Z"
        },
        "relativeHumidity": {
          "unitCode": "wmoUnit:percent",
          "value": 67.355469880183,
          "qualityControl": "V"
        },
        "windChill": {
          "unitCode": "wmoUnit:degC",
          "value": null,
          "qualityControl": "V"
        },
        "heatIndex": {
          "unitCode": "wmoUnit:degC",
          "value": null,
          "qualityControl": "V"
        },
        "cloudLayers": [
          {
            "base": {
              "unitCode": "wmoUnit:m",
              "value": 3810
            },
            "amount": "CLR"
          }
        ]
      }
    },
    {
      "id": "https://api.weather.gov/stations/KIZA/observations/2026-03-23T02:35:00+00:00",
      "type": "Feature",
      "geometry": {
        "type": "Point",
        "coordinates": [
          -120.07,
          34.6
        ]
      },
      "properties": {
        "@id": "https://api.weather.gov/stations/KIZA/observations/2026-03-23T02:35:00+00:00",
        "@type": "wx:ObservationStation",
        "elevation": {
          "unitCode": "wmoUnit:m",
          "value": 205
        },
        "station": "https://api.weather.gov/stations/KIZA",
        "stationId": "KIZA",
        "stationName": "Santa Ynez, Santa Ynez Airport",
        "timestamp": "2026-03-23T02:35:00+00:00",
        "rawMessage": "KIZA 230235Z AUTO 26006KT 7SM FEW024 17/14 A2990 RMK AO2",
        "textDescription": "Mostly Clear",
        "icon": "https://api.weather.gov/icons/land/night/few?size=medium",
        "presentWeather": [],
        "temperature": {
          "unitCode": "wmoUnit:degC",
          "value": 17,
          "qualityControl": "V"
        },
        "dewpoint": {
          "unitCode": "wmoUnit:degC",
          "value": 14,
          "qualityControl": "V"
        },
        "windDirection": {
          "unitCode": "wmoUnit:degree_(angle)",
          "value": 260,
          "qualityControl": "V"
        },
        "windSpeed": {
          "unitCode": "wmoUnit:km_h-1",
          "value": 11.16,
          "qualityControl": "V"
        },
        "windGust": {
          "unitCode": "wmoUnit:km_h-1",
          "value": null,
          "qualityControl": "Z"
        },
        "barometricPressure": {
          "unitCode": "wmoUnit:Pa",
          "value": 101250,
          "qualityControl": "V"
        },
        "seaLevelPressure": {
          "unitCode": "wmoUnit:Pa",
          "value": null,
          "qualityControl": "Z"
        },
        "visibility": {
          "unitCode": "wmoUnit:m",
          "value": 11270,
          "qualityControl": "C"
        },
        "maxTemperatureLast24Hours": {
          "unitCode": "wmoUnit:degC",
          "value": null
        },
        "minTemperatureLast24Hours": {
          "unitCode": "wmoUnit:degC",
          "value": null
        },
        "precipitationLastHour": {
          "unitCode": "wmoUnit:mm",
          "value": null,
          "qualityControl": "Z"
        },
        "precipitationLast3Hours": {
          "unitCode": "wmoUnit:mm",
          "value": null,
          "qualityControl": "Z"
        },
        "precipitationLast6Hours": {
          "unitCode": "wmoUnit:mm",
          "value": null,
          "qualityControl": "Z"
        },
        "relativeHumidity": {
          "unitCode": "wmoUnit:percent",
          "value": 82.509292694902,
          "qualityControl": "V"
        },
        "windChill": {
          "unitCode": "wmoUnit:degC",
          "value": null,
          "qualityControl": "V"
        },
        "heatIndex": {
          "unitCode": "wmoUnit:degC",
          "value": null,
          "qualityControl": "V"
        },
        "cloudLayers": [
          {
            "base": {
              "unitCode": "wmoUnit:m",
              "value": 730
            },
            "amount": "FEW"
          }
        ]
      }
    },
    null,
    {
      "id": "https://api.weather.gov/stations/KTVL/observations/2026-03-23T03:00:00+00:00",
      "type": "Feature",
      "geometry": {
        "type": "Point",
        "coordinates": [
          -120,
          38.9
        ]
      },
      "properties": {
        "@id": "https://api.weather.gov/stations/KTVL/observations/2026-03-23T03:00:00+00:00",
        "@type": "wx:ObservationStation",
        "elevation": {
          "unitCode": "wmoUnit:m",
          "value": 1909
        },
        "station": "https://api.weather.gov/stations/KTVL",
        "stationId": "KTVL",
        "stationName": "South Lake Tahoe, Lake Tahoe Airport",
        "timestamp": "2026-03-23T03:00:00+00:00",
        "rawMessage": "",
        "textDescription": "Clear",
        "icon": "https://api.weather.gov/icons/land/night/skc?size=medium",
        "presentWeather": [],
        "temperature": {
          "unitCode": "wmoUnit:degC",
          "value": 13,
          "qualityControl": "V"
        },
        "dewpoint": {
          "unitCode": "wmoUnit:degC",
          "value": 6,
          "qualityControl": "V"
        },
        "windDirection": {
          "unitCode": "wmoUnit:degree_(angle)",
          "value": 220,
          "qualityControl": "V"
        },
        "windSpeed": {
          "unitCode": "wmoUnit:km_h-1",
          "value": 9.252,
          "qualityControl": "V"
        },
        "windGust": {
          "unitCode": "wmoUnit:km_h-1",
          "value": null,
          "qualityControl": "Z"
        },
        "barometricPressure": {
          "unitCode": "wmoUnit:Pa",
          "value": null,
          "qualityControl": "Z"
        },
        "seaLevelPressure": {
          "unitCode": "wmoUnit:Pa",
          "value": null,
          "qualityControl": "Z"
        },
        "visibility": {
          "unitCode": "wmoUnit:m",
          "value": 16093.44,
          "qualityControl": "C"
        },
        "maxTemperatureLast24Hours": {
          "unitCode": "wmoUnit:degC",
          "value": null
        },
        "minTemperatureLast24Hours": {
          "unitCode": "wmoUnit:degC",
          "value": null
        },
        "precipitationLast3Hours": {
          "unitCode": "wmoUnit:mm",
          "value": null,
          "qualityControl": "Z"
        },
        "relativeHumidity": {
          "unitCode": "wmoUnit:percent",
          "value": 62.484658407133,
          "qualityControl": "V"
        },
        "windChill": {
          "unitCode": "wmoUnit:degC",
          "value": null,
          "qualityControl": "V"
        },
        "heatIndex": {
          "unitCode": "wmoUnit:degC",
          "value": null,
          "qualityControl": "V"
        },
        "cloudLayers": [
          {
            "base": {
              "unitCode": "wmoUnit:m",
              "value": 3810
            },
            "amount": "CLR"
          }
        ]
      }
    },
    {
      "id": "https://api.weather.gov/stations/KSCK/observations/2026-03-23T01:45:00+00:00",
      "type": "Feature",
      "geometry": {
        "type": "Point",
        "coordinates": [
          -121.25,
          37.9
        ]
      },
      "properties": {
        "@id": "https://api.weather.gov/stations/KSCK/observations/2026-03-23T01:45:00+00:00",
        "@type": "wx:ObservationStation",
        "elevation": {
          "unitCode": "wmoUnit:m",
          "value": 8
        },
        "station": "https://api.weather.gov/stations/KSCK",
        "stationId": "KSCK",
        "stationName": "Stockton, Stockton Metropolitan Airport",
        "timestamp": "2026-03-23T01:45:00+00:00",
        "rawMessage": "",
        "textDescription": "Clear",
        "icon": "https://api.weather.gov/icons/land/night/skc?size=medium",
        "presentWeather": [],
        "temperature": {
          "unitCode": "wmoUnit:degC",
          "value": 24,
          "qualityControl": "V"
        },
        "dewpoint": {
          "unitCode": "wmoUnit:degC",
          "value": 14,
          "qualityControl": "V"
        },
        "windDirection": {
          "unitCode": "wmoUnit:degree_(angle)",
          "value": 310,
          "qualityControl": "V"
        },
        "windSpeed": {
          "unitCode": "wmoUnit:km_h-1",
          "value": 11.124,
          "qualityControl": "V"
        },
        "windGust": {
          "unitCode": "wmoUnit:km_h-1",
          "value": null,
          "qualityControl": "Z"
        },
        "barometricPressure": {
          "unitCode": "wmoUnit:Pa",
          "value": 101219.16,
          "qualityControl": "V"
        },
        "seaLevelPressure": {
          "unitCode": "wmoUnit:Pa",
          "value": null,
          "qualityControl": "Z"
        },
        "visibility": {
          "unitCode": "wmoUnit:m",
          "value": 16093.44,
          "qualityControl": "C"
        },
        "maxTemperatureLast24Hours": {
          "unitCode": "wmoUnit:degC",
          "value": null
        },
        "minTemperatureLast24Hours": {
          "unitCode": "wmoUnit:degC",
          "value": null
        },
        "precipitationLast3Hours": {
          "unitCode": "wmoUnit:mm",
          "value": null,
          "qualityControl": "Z"
        },
        "relativeHumidity": {
          "unitCode": "wmoUnit:percent",
          "value": 53.576211354435,
          "qualityControl": "V"
        },
        "windChill": {
          "unitCode": "wmoUnit:degC",
          "value": null,
          "qualityControl": "V"
        },
        "heatIndex": {
          "unitCode": "wmoUnit:degC",
          "value": 23.854489963143333,
          "qualityControl": "V"
        },
        "cloudLayers": [
          {
            "base": {
              "unitCode": "wmoUnit:m",
              "value": 3810
            },
            "amount": "CLR"
          }
        ]
      }
    },
    {
      "id": "https://api.weather.gov/stations/KSVE/observations/2026-03-23T02:35:00+00:00",
      "type": "Feature",
      "geometry": {
        "type": "Point",
        "coordinates": [
          -120.57,
          40.38
        ]
      },
      "properties": {
        "@id": "https://api.weather.gov/stations/KSVE/observations/2026-03-23T02:35:00+00:00",
        "@type": "wx:ObservationStation",
        "elevation": {
          "unitCode": "wmoUnit:m",
          "value": 1263
        },
        "station": "https://api.weather.gov/stations/KSVE",
        "stationId": "KSVE",
        "stationName": "Susanville Municipal Airport",
        "timestamp": "2026-03-23T02:35:00+00:00",
        "rawMessage": "KSVE 230235Z AUTO 26004KT 10SM CLR 16/07 A3004 RMK A01 P000",
        "textDescription": "Clear",
        "icon": "https://api.weather.gov/icons/land/night/skc?size=medium",
        "presentWeather": [],
        "temperature": {
          "unitCode": "wmoUnit:degC",
          "value": 16,
          "qualityControl": "V"
        },
        "dewpoint": {
          "unitCode": "wmoUnit:degC",
          "value": 7,
          "qualityControl": "V"
        },
        "windDirection": {
          "unitCode": "wmoUnit:degree_(angle)",
          "value": 260,
          "qualityControl": "V"
        },
        "windSpeed": {
          "unitCode": "wmoUnit:km_h-1",
          "value": 7.56,
          "qualityControl": "V"
        },
        "windGust": {
          "unitCode": "wmoUnit:km_h-1",
          "value": null,
          "qualityControl": "Z"
        },
        "barometricPressure": {
          "unitCode": "wmoUnit:Pa",
          "value": 101730,
          "qualityControl": "V"
        },
        "seaLevelPressure": {
          "unitCode": "wmoUnit:Pa",
          "value": null,
          "qualityControl": "Z"
        },
        "visibility": {
          "unitCode": "wmoUnit:m",
          "value": 16090,
          "qualityControl": "C"
        },
        "maxTemperatureLast24Hours": {
          "unitCode": "wmoUnit:degC",
          "value": null
        },
        "minTemperatureLast24Hours": {
          "unitCode": "wmoUnit:degC",
          "value": null
        },
        "precipitationLastHour": {
          "unitCode": "wmoUnit:mm",
          "value": null,
          "qualityControl": "Z"
        },
        "precipitationLast3Hours": {
          "unitCode": "wmoUnit:mm",
          "value": null,
          "qualityControl": "Z"
        },
        "precipitationLast6Hours": {
          "unitCode": "wmoUnit:mm",
          "value": null,
          "qualityControl": "Z"
        },
        "relativeHumidity": {
          "unitCode": "wmoUnit:percent",
          "value": 55.144459527044,
          "qualityControl": "V"
        },
        "windChill": {
          "unitCode": "wmoUnit:degC",
          "value": null,
          "qualityControl": "V"
        },
        "heatIndex": {
          "unitCode": "wmoUnit:degC",
          "value": null,
          "qualityControl": "V"
        },
        "cloudLayers": [
          {
            "base": {
              "unitCode": "wmoUnit:m",
              "value": null
            },
            "amount": "CLR"
          }
        ]
      }
    },
    {
      "id": "https://api.weather.gov/stations/KTSP/observations/2026-03-23T02:55:00+00:00",
      "type": "Feature",
      "geometry": {
        "type": "Point",
        "coordinates": [
          -118.43,
          35.14
        ]
      },
      "properties": {
        "@id": "https://api.weather.gov/stations/KTSP/observations/2026-03-23T02:55:00+00:00",
        "@type": "wx:ObservationStation",
        "elevation": {
          "unitCode": "wmoUnit:m",
          "value": 1220
        },
        "station": "https://api.weather.gov/stations/KTSP",
        "stationId": "KTSP",
        "stationName": "Tehachapi Municipal Airport",
        "timestamp": "2026-03-23T02:55:00+00:00",
        "rawMessage": "KTSP 230255Z AUTO 30008KT 10SM CLR 17/11 A3007 RMK AO2",
        "textDescription": "Clear",
        "icon": "https://api.weather.gov/icons/land/night/skc?size=medium",
        "presentWeather": [],
        "temperature": {
          "unitCode": "wmoUnit:degC",
          "value": 17,
          "qualityControl": "V"
        },
        "dewpoint": {
          "unitCode": "wmoUnit:degC",
          "value": 11,
          "qualityControl": "V"
        },
        "windDirection": {
          "unitCode": "wmoUnit:degree_(angle)",
          "value": 300,
          "qualityControl": "V"
        },
        "windSpeed": {
          "unitCode": "wmoUnit:km_h-1",
          "value": 14.76,
          "qualityControl": "V"
        },
        "windGust": {
          "unitCode": "wmoUnit:km_h-1",
          "value": null,
          "qualityControl": "Z"
        },
        "barometricPressure": {
          "unitCode": "wmoUnit:Pa",
          "value": 101830,
          "qualityControl": "V"
        },
        "seaLevelPressure": {
          "unitCode": "wmoUnit:Pa",
          "value": null,
          "qualityControl": "Z"
        },
        "visibility": {
          "unitCode": "wmoUnit:m",
          "value": 16090,
          "qualityControl": "C"
        },
        "maxTemperatureLast24Hours": {
          "unitCode": "wmoUnit:degC",
          "value": null
        },
        "minTemperatureLast24Hours": {
          "unitCode": "wmoUnit:degC",
          "value": null
        },
        "precipitationLastHour": {
          "unitCode": "wmoUnit:mm",
          "value": null,
          "qualityControl": "Z"
        },
        "precipitationLast3Hours": {
          "unitCode": "wmoUnit:mm",
          "value": null,
          "qualityControl": "Z"
        },
        "precipitationLast6Hours": {
          "unitCode": "wmoUnit:mm",
          "value": null,
          "qualityControl": "Z"
        },
        "relativeHumidity": {
          "unitCode": "wmoUnit:percent",
          "value": 67.769403902783,
          "qualityControl": "V"
        },
        "windChill": {
          "unitCode": "wmoUnit:degC",
          "value": null,
          "qualityControl": "V"
        },
        "heatIndex": {
          "unitCode": "wmoUnit:degC",
          "value": null,
          "qualityControl": "V"
        },
        "cloudLayers": [
          {
            "base": {
              "unitCode": "wmoUnit:m",
              "value": null
            },
            "amount": "CLR"
          }
        ]
      }
    },
    {
      "id": "https://api.weather.gov/stations/KTRM/observations/2026-03-23T02:52:00+00:00",
      "type": "Feature",
      "geometry": {
        "type": "Point",
        "coordinates": [
          -116.17,
          33.63
        ]
      },
      "properties": {
        "@id": "https://api.weather.gov/stations/KTRM/observations/2026-03-23T02:52:00+00:00",
        "@type": "wx:ObservationStation",
        "elevation": {
          "unitCode": "wmoUnit:m",
          "value": 36
        },
        "station": "https://api.weather.gov/stations/KTRM",
        "stationId": "KTRM",
        "stationName": "Palm Springs, Jacqueline Cochran Regional Airport",
        "timestamp": "2026-03-23T02:52:00+00:00",
        "rawMessage": "KTRM 230252Z AUTO 33010G19KT 10SM CLR 33/07 A2971 RMK AO2 SLP061 T03280072 53011 TSNO",
        "textDescription": "Clear",
        "icon": "https://api.weather.gov/icons/land/night/skc?size=medium",
        "presentWeather": [],
        "temperature": {
          "unitCode": "wmoUnit:degC",
          "value": 32.8,
          "qualityControl": "V"
        },
        "dewpoint": {
          "unitCode": "wmoUnit:degC",
          "value": 7.2,
          "qualityControl": "V"
        },
        "windDirection": {
          "unitCode": "wmoUnit:degree_(angle)",
          "value": 330,
          "qualityControl": "V"
        },
        "windSpeed": {
          "unitCode": "wmoUnit:km_h-1",
          "value": 18.36,
          "qualityControl": "V"
        },
        "windGust": {
          "unitCode": "wmoUnit:km_h-1",
          "value": 35.28,
          "qualityControl": "C"
        },
        "barometricPressure": {
          "unitCode": "wmoUnit:Pa",
          "value": 100610,
          "qualityControl": "V"
        },
        "seaLevelPressure": {
          "unitCode": "wmoUnit:Pa",
          "value": 100610,
          "qualityControl": "V"
        },
        "visibility": {
          "unitCode": "wmoUnit:m",
          "value": 16090,
          "qualityControl": "C"
        },
        "maxTemperatureLast24Hours": {
          "unitCode": "wmoUnit:degC",
          "value": null
        },
        "minTemperatureLast24Hours": {
          "unitCode": "wmoUnit:degC",
          "value": null
        },
        "precipitationLastHour": {
          "unitCode": "wmoUnit:mm",
          "value": null,
          "qualityControl": "Z"
        },
        "precipitationLast3Hours": {
          "unitCode": "wmoUnit:mm",
          "value": null,
          "qualityControl": "Z"
        },
        "precipitationLast6Hours": {
          "unitCode": "wmoUnit:mm",
          "value": null,
          "qualityControl": "Z"
        },
        "relativeHumidity": {
          "unitCode": "wmoUnit:percent",
          "value": 20.419762765781,
          "qualityControl": "V"
        },
        "windChill": {
          "unitCode": "wmoUnit:degC",
          "value": null,
          "qualityControl": "V"
        },
        "heatIndex": {
          "unitCode": "wmoUnit:degC",
          "value": 30.77073177524389,
          "qualityControl": "V"
        },
        "cloudLayers": [
          {
            "base": {
              "unitCode": "wmoUnit:m",
              "value": null
            },
            "amount": "CLR"
          }
        ]
      }
    },
    {
      "id": "https://api.weather.gov/stations/KTOA/observations/2026-03-23T02:50:00+00:00",
      "type": "Feature",
      "geometry": {
        "type": "Point",
        "coordinates": [
          -118.33,
          33.79
        ]
      },
      "properties": {
        "@id": "https://api.weather.gov/stations/KTOA/observations/2026-03-23T02:50:00+00:00",
        "@type": "wx:ObservationStation",
        "elevation": {
          "unitCode": "wmoUnit:m",
          "value": 31
        },
        "station": "https://api.weather.gov/stations/KTOA",
        "stationId": "KTOA",
        "stationName": "Torrance, Zamperini Field Airport",
        "timestamp": "2026-03-23T02:50:00+00:00",
        "rawMessage": "KTOA 230250Z 27012KT 10SM FEW005 SCT250 16/14 A2988 RMK STRATUS W/ LAST",
        "textDescription": "Partly Cloudy",
        "icon": "https://api.weather.gov/icons/land/night/sct?size=medium",
        "presentWeather": [],
        "temperature": {
          "unitCode": "wmoUnit:degC",
          "value": 16,
          "qualityControl": "V"
        },
        "dewpoint": {
          "unitCode": "wmoUnit:degC",
          "value": 14,
          "qualityControl": "V"
        },
        "windDirection": {
          "unitCode": "wmoUnit:degree_(angle)",
          "value": 270,
          "qualityControl": "V"
        },
        "windSpeed": {
          "unitCode": "wmoUnit:km_h-1",
          "value": 22.32,
          "qualityControl": "V"
        },
        "windGust": {
          "unitCode": "wmoUnit:km_h-1",
          "value": null,
          "qualityControl": "Z"
        },
        "barometricPressure": {
          "unitCode": "wmoUnit:Pa",
          "value": 101190,
          "qualityControl": "V"
        },
        "seaLevelPressure": {
          "unitCode": "wmoUnit:Pa",
          "value": null,
          "qualityControl": "Z"
        },
        "visibility": {
          "unitCode": "wmoUnit:m",
          "value": 16090,
          "qualityControl": "C"
        },
        "maxTemperatureLast24Hours": {
          "unitCode": "wmoUnit:degC",
          "value": null
        },
        "minTemperatureLast24Hours": {
          "unitCode": "wmoUnit:degC",
          "value": null
        },
        "precipitationLastHour": {
          "unitCode": "wmoUnit:mm",
          "value": null,
          "qualityControl": "Z"
        },
        "precipitationLast3Hours": {
          "unitCode": "wmoUnit:mm",
          "value": null,
          "qualityControl": "Z"
        },
        "precipitationLast6Hours": {
          "unitCode": "wmoUnit:mm",
          "value": null,
          "qualityControl": "Z"
        },
        "relativeHumidity": {
          "unitCode": "wmoUnit:percent",
          "value": 87.926615024549,
          "qualityControl": "V"
        },
        "windChill": {
          "unitCode": "wmoUnit:degC",
          "value": null,
          "qualityControl": "V"
        },
        "heatIndex": {
          "unitCode": "wmoUnit:degC",
          "value": null,
          "qualityControl": "V"
        },
        "cloudLayers": [
          {
            "base": {
              "unitCode": "wmoUnit:m",
              "value": 150
            },
            "amount": "FEW"
          },
          {
            "base": {
              "unitCode": "wmoUnit:m",
              "value": 7620
            },
            "amount": "SCT"
          }
        ]
      }
    },
    {
      "id": "https://api.weather.gov/stations/KTCY/observations/2026-03-23T01:35:00+00:00",
      "type": "Feature",
      "geometry": {
        "type": "Point",
        "coordinates": [
          -121.43,
          37.68
        ]
      },
      "properties": {
        "@id": "https://api.weather.gov/stations/KTCY/observations/2026-03-23T01:35:00+00:00",
        "@type": "wx:ObservationStation",
        "elevation": {
          "unitCode": "wmoUnit:m",
          "value": 51
        },
        "station": "https://api.weather.gov/stations/KTCY",
        "stationId": "KTCY",
        "stationName": "Tracy Municipal Airport",
        "timestamp": "2026-03-23T01:35:00+00:00",
        "rawMessage": "",
        "textDescription": "",
        "icon": null,
        "presentWeather": [],
        "temperature": {
          "unitCode": "wmoUnit:degC",
          "value": 26,
          "qualityControl": "V"
        },
        "dewpoint": {
          "unitCode": "wmoUnit:degC",
          "value": 9,
          "qualityControl": "V"
        },
        "windDirection": {
          "unitCode": "wmoUnit:degree_(angle)",
          "value": 360,
          "qualityControl": "V"
        },
        "windSpeed": {
          "unitCode": "wmoUnit:km_h-1",
          "value": 11.124,
          "qualityControl": "V"
        },
        "windGust": {
          "unitCode": "wmoUnit:km_h-1",
          "value": null,
          "qualityControl": "Z"
        },
        "barometricPressure": {
          "unitCode": "wmoUnit:Pa",
          "value": 101253.02,
          "qualityControl": "V"
        },
        "seaLevelPressure": {
          "unitCode": "wmoUnit:Pa",
          "value": null,
          "qualityControl": "Z"
        },
        "visibility": {
          "unitCode": "wmoUnit:m",
          "value": 16093.44,
          "qualityControl": "C"
        },
        "maxTemperatureLast24Hours": {
          "unitCode": "wmoUnit:degC",
          "value": null
        },
        "minTemperatureLast24Hours": {
          "unitCode": "wmoUnit:degC",
          "value": null
        },
        "precipitationLastHour": {
          "unitCode": "wmoUnit:mm",
          "value": null,
          "qualityControl": "Z"
        },
        "precipitationLast3Hours": {
          "unitCode": "wmoUnit:mm",
          "value": null,
          "qualityControl": "Z"
        },
        "precipitationLast6Hours": {
          "unitCode": "wmoUnit:mm",
          "value": null,
          "qualityControl": "Z"
        },
        "relativeHumidity": {
          "unitCode": "wmoUnit:percent",
          "value": 34.166862775596,
          "qualityControl": "V"
        },
        "windChill": {
          "unitCode": "wmoUnit:degC",
          "value": null,
          "qualityControl": "V"
        },
        "heatIndex": {
          "unitCode": "wmoUnit:degC",
          "value": 25.547690305807222,
          "qualityControl": "V"
        },
        "cloudLayers": []
      }
    },
    {
      "id": "https://api.weather.gov/stations/KSUU/observations/2026-03-23T02:55:00+00:00",
      "type": "Feature",
      "geometry": {
        "type": "Point",
        "coordinates": [
          -121.93,
          38.27
        ]
      },
      "properties": {
        "@id": "https://api.weather.gov/stations/KSUU/observations/2026-03-23T02:55:00+00:00",
        "@type": "wx:ObservationStation",
        "elevation": {
          "unitCode": "wmoUnit:m",
          "value": 19
        },
        "station": "https://api.weather.gov/stations/KSUU",
        "stationId": "KSUU",
        "stationName": "Fairfield / Travis Air Force Base",
        "timestamp": "2026-03-23T02:55:00+00:00",
        "rawMessage": "KSUU 230255Z AUTO 23015KT 10SM CLR 18/11 A2988 RMK AO2 SLP125 T01810112 55000 $",
        "textDescription": "Clear",
        "icon": "https://api.weather.gov/icons/land/night/skc?size=medium",
        "presentWeather": [],
        "temperature": {
          "unitCode": "wmoUnit:degC",
          "value": 18.1,
          "qualityControl": "V"
        },
        "dewpoint": {
          "unitCode": "wmoUnit:degC",
          "value": 11.2,
          "qualityControl": "V"
        },
        "windDirection": {
          "unitCode": "wmoUnit:degree_(angle)",
          "value": null,
          "qualityControl": "Z"
        },
        "windSpeed": {
          "unitCode": "wmoUnit:km_h-1",
          "value": null,
          "qualityControl": "Z"
        },
        "windGust": {
          "unitCode": "wmoUnit:km_h-1",
          "value": null,
          "qualityControl": "Z"
        },
        "barometricPressure": {
          "unitCode": "wmoUnit:Pa",
          "value": 101190,
          "qualityControl": "V"
        },
        "seaLevelPressure": {
          "unitCode": "wmoUnit:Pa",
          "value": 101250,
          "qualityControl": "V"
        },
        "visibility": {
          "unitCode": "wmoUnit:m",
          "value": 16090,
          "qualityControl": "C"
        },
        "maxTemperatureLast24Hours": {
          "unitCode": "wmoUnit:degC",
          "value": null
        },
        "minTemperatureLast24Hours": {
          "unitCode": "wmoUnit:degC",
          "value": null
        },
        "precipitationLastHour": {
          "unitCode": "wmoUnit:mm",
          "value": null,
          "qualityControl": "Z"
        },
        "precipitationLast3Hours": {
          "unitCode": "wmoUnit:mm",
          "value": null,
          "qualityControl": "Z"
        },
        "precipitationLast6Hours": {
          "unitCode": "wmoUnit:mm",
          "value": null,
          "qualityControl": "Z"
        },
        "relativeHumidity": {
          "unitCode": "wmoUnit:percent",
          "value": 64.070693611843,
          "qualityControl": "V"
        },
        "windChill": {
          "unitCode": "wmoUnit:degC",
          "value": null,
          "qualityControl": "V"
        },
        "heatIndex": {
          "unitCode": "wmoUnit:degC",
          "value": null,
          "qualityControl": "V"
        },
        "cloudLayers": [
          {
            "base": {
              "unitCode": "wmoUnit:m",
              "value": null
            },
            "amount": "CLR"
          }
        ]
      }
    },
    {
      "id": "https://api.weather.gov/stations/KO86/observations/2026-03-23T02:30:00+00:00",
      "type": "Feature",
      "geometry": {
        "type": "Point",
        "coordinates": [
          -122.7,
          40.98
        ]
      },
      "properties": {
        "@id": "https://api.weather.gov/stations/KO86/observations/2026-03-23T02:30:00+00:00",
        "@type": "wx:ObservationStation",
        "elevation": {
          "unitCode": "wmoUnit:m",
          "value": 729
        },
        "station": "https://api.weather.gov/stations/KO86",
        "stationId": "KO86",
        "stationName": "Trinity Center",
        "timestamp": "2026-03-23T02:30:00+00:00",
        "rawMessage": "KO86 230230Z AUTO 00000KT 10SM CLR 17/09 A2997 RMK A01",
        "textDescription": "Clear",
        "icon": "https://api.weather.gov/icons/land/night/skc?size=medium",
        "presentWeather": [],
        "temperature": {
          "unitCode": "wmoUnit:degC",
          "value": 17,
          "qualityControl": "V"
        },
        "dewpoint": {
          "unitCode": "wmoUnit:degC",
          "value": 9,
          "qualityControl": "V"
        },
        "windDirection": {
          "unitCode": "wmoUnit:degree_(angle)",
          "value": 0,
          "qualityControl": "V"
        },
        "windSpeed": {
          "unitCode": "wmoUnit:km_h-1",
          "value": 0,
          "qualityControl": "V"
        },
        "windGust": {
          "unitCode": "wmoUnit:km_h-1",
          "value": null,
          "qualityControl": "Z"
        },
        "barometricPressure": {
          "unitCode": "wmoUnit:Pa",
          "value": 101490,
          "qualityControl": "V"
        },
        "seaLevelPressure": {
          "unitCode": "wmoUnit:Pa",
          "value": null,
          "qualityControl": "Z"
        },
        "visibility": {
          "unitCode": "wmoUnit:m",
          "value": 16090,
          "qualityControl": "C"
        },
        "maxTemperatureLast24Hours": {
          "unitCode": "wmoUnit:degC",
          "value": null
        },
        "minTemperatureLast24Hours": {
          "unitCode": "wmoUnit:degC",
          "value": null
        },
        "precipitationLastHour": {
          "unitCode": "wmoUnit:mm",
          "value": null,
          "qualityControl": "Z"
        },
        "precipitationLast3Hours": {
          "unitCode": "wmoUnit:mm",
          "value": null,
          "qualityControl": "Z"
        },
        "precipitationLast6Hours": {
          "unitCode": "wmoUnit:mm",
          "value": null,
          "qualityControl": "Z"
        },
        "relativeHumidity": {
          "unitCode": "wmoUnit:percent",
          "value": 59.28213477523,
          "qualityControl": "V"
        },
        "windChill": {
          "unitCode": "wmoUnit:degC",
          "value": null,
          "qualityControl": "V"
        },
        "heatIndex": {
          "unitCode": "wmoUnit:degC",
          "value": null,
          "qualityControl": "V"
        },
        "cloudLayers": [
          {
            "base": {
              "unitCode": "wmoUnit:m",
              "value": null
            },
            "amount": "CLR"
          }
        ]
      }
    },
    {
      "id": "https://api.weather.gov/stations/KTRK/observations/2026-03-23T01:49:00+00:00",
      "type": "Feature",
      "geometry": {
        "type": "Point",
        "coordinates": [
          -120.13,
          39.32
        ]
      },
      "properties": {
        "@id": "https://api.weather.gov/stations/KTRK/observations/2026-03-23T01:49:00+00:00",
        "@type": "wx:ObservationStation",
        "elevation": {
          "unitCode": "wmoUnit:m",
          "value": 1798
        },
        "station": "https://api.weather.gov/stations/KTRK",
        "stationId": "KTRK",
        "stationName": "Truckee-Tahoe",
        "timestamp": "2026-03-23T01:49:00+00:00",
        "rawMessage": "",
        "textDescription": "",
        "icon": null,
        "presentWeather": [],
        "temperature": {
          "unitCode": "wmoUnit:degC",
          "value": 16,
          "qualityControl": "V"
        },
        "dewpoint": {
          "unitCode": "wmoUnit:degC",
          "value": -1,
          "qualityControl": "V"
        },
        "windDirection": {
          "unitCode": "wmoUnit:degree_(angle)",
          "value": 230,
          "qualityControl": "V"
        },
        "windSpeed": {
          "unitCode": "wmoUnit:km_h-1",
          "value": 5.4,
          "qualityControl": "V"
        },
        "windGust": {
          "unitCode": "wmoUnit:km_h-1",
          "value": null,
          "qualityControl": "Z"
        },
        "barometricPressure": {
          "unitCode": "wmoUnit:Pa",
          "value": null,
          "qualityControl": "Z"
        },
        "seaLevelPressure": {
          "unitCode": "wmoUnit:Pa",
          "value": null,
          "qualityControl": "Z"
        },
        "visibility": {
          "unitCode": "wmoUnit:m",
          "value": 16090,
          "qualityControl": "C"
        },
        "maxTemperatureLast24Hours": {
          "unitCode": "wmoUnit:degC",
          "value": null
        },
        "minTemperatureLast24Hours": {
          "unitCode": "wmoUnit:degC",
          "value": null
        },
        "precipitationLastHour": {
          "unitCode": "wmoUnit:mm",
          "value": null,
          "qualityControl": "Z"
        },
        "precipitationLast3Hours": {
          "unitCode": "wmoUnit:mm",
          "value": null,
          "qualityControl": "Z"
        },
        "precipitationLast6Hours": {
          "unitCode": "wmoUnit:mm",
          "value": null,
          "qualityControl": "Z"
        },
        "relativeHumidity": {
          "unitCode": "wmoUnit:percent",
          "value": 31.303085900188,
          "qualityControl": "V"
        },
        "windChill": {
          "unitCode": "wmoUnit:degC",
          "value": null,
          "qualityControl": "V"
        },
        "heatIndex": {
          "unitCode": "wmoUnit:degC",
          "value": null,
          "qualityControl": "V"
        },
        "cloudLayers": []
      }
    },
    {
      "id": "https://api.weather.gov/stations/KNXP/observations/2026-03-23T02:54:00+00:00",
      "type": "Feature",
      "geometry": {
        "type": "Point",
        "coordinates": [
          -116.14,
          34.28
        ]
      },
      "properties": {
        "@id": "https://api.weather.gov/stations/KNXP/observations/2026-03-23T02:54:00+00:00",
        "@type": "wx:ObservationStation",
        "elevation": {
          "unitCode": "wmoUnit:m",
          "value": 626
        },
        "station": "https://api.weather.gov/stations/KNXP",
        "stationId": "KNXP",
        "stationName": "Twentynine Palms SELF Airport",
        "timestamp": "2026-03-23T02:54:00+00:00",
        "rawMessage": "KNXP 230254Z AUTO 24013KT 10SM 29/M01 A2991 RMK AO2 SLP093 T02891011 53006 $",
        "textDescription": "",
        "icon": null,
        "presentWeather": [],
        "temperature": {
          "unitCode": "wmoUnit:degC",
          "value": 28.9,
          "qualityControl": "V"
        },
        "dewpoint": {
          "unitCode": "wmoUnit:degC",
          "value": -1.1,
          "qualityControl": "V"
        },
        "windDirection": {
          "unitCode": "wmoUnit:degree_(angle)",
          "value": null,
          "qualityControl": "Z"
        },
        "windSpeed": {
          "unitCode": "wmoUnit:km_h-1",
          "value": null,
          "qualityControl": "Z"
        },
        "windGust": {
          "unitCode": "wmoUnit:km_h-1",
          "value": null,
          "qualityControl": "Z"
        },
        "barometricPressure": {
          "unitCode": "wmoUnit:Pa",
          "value": null,
          "qualityControl": "Z"
        },
        "seaLevelPressure": {
          "unitCode": "wmoUnit:Pa",
          "value": null,
          "qualityControl": "Z"
        },
        "visibility": {
          "unitCode": "wmoUnit:m",
          "value": 16090,
          "qualityControl": "C"
        },
        "maxTemperatureLast24Hours": {
          "unitCode": "wmoUnit:degC",
          "value": null
        },
        "minTemperatureLast24Hours": {
          "unitCode": "wmoUnit:degC",
          "value": null
        },
        "precipitationLastHour": {
          "unitCode": "wmoUnit:mm",
          "value": null,
          "qualityControl": "Z"
        },
        "precipitationLast3Hours": {
          "unitCode": "wmoUnit:mm",
          "value": null,
          "qualityControl": "Z"
        },
        "precipitationLast6Hours": {
          "unitCode": "wmoUnit:mm",
          "value": null,
          "qualityControl": "Z"
        },
        "relativeHumidity": {
          "unitCode": "wmoUnit:percent",
          "value": 14.181910651585,
          "qualityControl": "V"
        },
        "windChill": {
          "unitCode": "wmoUnit:degC",
          "value": null,
          "qualityControl": "V"
        },
        "heatIndex": {
          "unitCode": "wmoUnit:degC",
          "value": 27.29240491729611,
          "qualityControl": "V"
        },
        "cloudLayers": []
      }
    },
    {
      "id": "https://api.weather.gov/stations/KUKI/observations/2026-03-23T03:00:00+00:00",
      "type": "Feature",
      "geometry": {
        "type": "Point",
        "coordinates": [
          -123.2,
          39.13
        ]
      },
      "properties": {
        "@id": "https://api.weather.gov/stations/KUKI/observations/2026-03-23T03:00:00+00:00",
        "@type": "wx:ObservationStation",
        "elevation": {
          "unitCode": "wmoUnit:m",
          "value": 187
        },
        "station": "https://api.weather.gov/stations/KUKI",
        "stationId": "KUKI",
        "stationName": "Ukiah Municipal Airport",
        "timestamp": "2026-03-23T03:00:00+00:00",
        "rawMessage": "",
        "textDescription": "Clear",
        "icon": "https://api.weather.gov/icons/land/night/skc?size=medium",
        "presentWeather": [],
        "temperature": {
          "unitCode": "wmoUnit:degC",
          "value": 19,
          "qualityControl": "V"
        },
        "dewpoint": {
          "unitCode": "wmoUnit:degC",
          "value": 7,
          "qualityControl": "V"
        },
        "windDirection": {
          "unitCode": "wmoUnit:degree_(angle)",
          "value": 0,
          "qualityControl": "V"
        },
        "windSpeed": {
          "unitCode": "wmoUnit:km_h-1",
          "value": 0,
          "qualityControl": "V"
        },
        "windGust": {
          "unitCode": "wmoUnit:km_h-1",
          "value": null,
          "qualityControl": "Z"
        },
        "barometricPressure": {
          "unitCode": "wmoUnit:Pa",
          "value": 101456.2,
          "qualityControl": "V"
        },
        "seaLevelPressure": {
          "unitCode": "wmoUnit:Pa",
          "value": null,
          "qualityControl": "Z"
        },
        "visibility": {
          "unitCode": "wmoUnit:m",
          "value": 16093.44,
          "qualityControl": "C"
        },
        "maxTemperatureLast24Hours": {
          "unitCode": "wmoUnit:degC",
          "value": null
        },
        "minTemperatureLast24Hours": {
          "unitCode": "wmoUnit:degC",
          "value": null
        },
        "precipitationLast3Hours": {
          "unitCode": "wmoUnit:mm",
          "value": null,
          "qualityControl": "Z"
        },
        "relativeHumidity": {
          "unitCode": "wmoUnit:percent",
          "value": 45.633289866414,
          "qualityControl": "V"
        },
        "windChill": {
          "unitCode": "wmoUnit:degC",
          "value": null,
          "qualityControl": "V"
        },
        "heatIndex": {
          "unitCode": "wmoUnit:degC",
          "value": null,
          "qualityControl": "V"
        },
        "cloudLayers": [
          {
            "base": {
              "unitCode": "wmoUnit:m",
              "value": 3810
            },
            "amount": "CLR"
          }
        ]
      }
    },
    {
      "id": "https://api.weather.gov/stations/KCCB/observations/2026-03-23T01:35:00+00:00",
      "type": "Feature",
      "geometry": {
        "type": "Point",
        "coordinates": [
          -117.68,
          34.12
        ]
      },
      "properties": {
        "@id": "https://api.weather.gov/stations/KCCB/observations/2026-03-23T01:35:00+00:00",
        "@type": "wx:ObservationStation",
        "elevation": {
          "unitCode": "wmoUnit:m",
          "value": 440
        },
        "station": "https://api.weather.gov/stations/KCCB",
        "stationId": "KCCB",
        "stationName": "Cable Airport",
        "timestamp": "2026-03-23T01:35:00+00:00",
        "rawMessage": "",
        "textDescription": "",
        "icon": null,
        "presentWeather": [],
        "temperature": {
          "unitCode": "wmoUnit:degC",
          "value": 25,
          "qualityControl": "V"
        },
        "dewpoint": {
          "unitCode": "wmoUnit:degC",
          "value": 10,
          "qualityControl": "V"
        },
        "windDirection": {
          "unitCode": "wmoUnit:degree_(angle)",
          "value": 260,
          "qualityControl": "V"
        },
        "windSpeed": {
          "unitCode": "wmoUnit:km_h-1",
          "value": 14.832,
          "qualityControl": "V"
        },
        "windGust": {
          "unitCode": "wmoUnit:km_h-1",
          "value": null,
          "qualityControl": "Z"
        },
        "barometricPressure": {
          "unitCode": "wmoUnit:Pa",
          "value": 101185.29,
          "qualityControl": "V"
        },
        "seaLevelPressure": {
          "unitCode": "wmoUnit:Pa",
          "value": null,
          "qualityControl": "Z"
        },
        "visibility": {
          "unitCode": "wmoUnit:m",
          "value": 16093.44,
          "qualityControl": "C"
        },
        "maxTemperatureLast24Hours": {
          "unitCode": "wmoUnit:degC",
          "value": null
        },
        "minTemperatureLast24Hours": {
          "unitCode": "wmoUnit:degC",
          "value": null
        },
        "precipitationLastHour": {
          "unitCode": "wmoUnit:mm",
          "value": null,
          "qualityControl": "Z"
        },
        "precipitationLast3Hours": {
          "unitCode": "wmoUnit:mm",
          "value": null,
          "qualityControl": "Z"
        },
        "precipitationLast6Hours": {
          "unitCode": "wmoUnit:mm",
          "value": null,
          "qualityControl": "Z"
        },
        "relativeHumidity": {
          "unitCode": "wmoUnit:percent",
          "value": 38.776818215735,
          "qualityControl": "V"
        },
        "windChill": {
          "unitCode": "wmoUnit:degC",
          "value": null,
          "qualityControl": "V"
        },
        "heatIndex": {
          "unitCode": "wmoUnit:degC",
          "value": 24.568061364522222,
          "qualityControl": "V"
        },
        "cloudLayers": []
      }
    },
    {
      "id": "https://api.weather.gov/stations/KVCB/observations/2026-03-23T03:00:00+00:00",
      "type": "Feature",
      "geometry": {
        "type": "Point",
        "coordinates": [
          -121.96,
          38.37
        ]
      },
      "properties": {
        "@id": "https://api.weather.gov/stations/KVCB/observations/2026-03-23T03:00:00+00:00",
        "@type": "wx:ObservationStation",
        "elevation": {
          "unitCode": "wmoUnit:m",
          "value": 35
        },
        "station": "https://api.weather.gov/stations/KVCB",
        "stationId": "KVCB",
        "stationName": "Vacaville Nut Tree Airport",
        "timestamp": "2026-03-23T03:00:00+00:00",
        "rawMessage": "",
        "textDescription": "Clear",
        "icon": "https://api.weather.gov/icons/land/night/skc?size=medium",
        "presentWeather": [],
        "temperature": {
          "unitCode": "wmoUnit:degC",
          "value": 22,
          "qualityControl": "V"
        },
        "dewpoint": {
          "unitCode": "wmoUnit:degC",
          "value": 11,
          "qualityControl": "V"
        },
        "windDirection": {
          "unitCode": "wmoUnit:degree_(angle)",
          "value": 170,
          "qualityControl": "V"
        },
        "windSpeed": {
          "unitCode": "wmoUnit:km_h-1",
          "value": 9.252,
          "qualityControl": "V"
        },
        "windGust": {
          "unitCode": "wmoUnit:km_h-1",
          "value": null,
          "qualityControl": "Z"
        },
        "barometricPressure": {
          "unitCode": "wmoUnit:Pa",
          "value": 101253.02,
          "qualityControl": "V"
        },
        "seaLevelPressure": {
          "unitCode": "wmoUnit:Pa",
          "value": null,
          "qualityControl": "Z"
        },
        "visibility": {
          "unitCode": "wmoUnit:m",
          "value": 16093.44,
          "qualityControl": "C"
        },
        "maxTemperatureLast24Hours": {
          "unitCode": "wmoUnit:degC",
          "value": null
        },
        "minTemperatureLast24Hours": {
          "unitCode": "wmoUnit:degC",
          "value": null
        },
        "precipitationLast3Hours": {
          "unitCode": "wmoUnit:mm",
          "value": null,
          "qualityControl": "Z"
        },
        "relativeHumidity": {
          "unitCode": "wmoUnit:percent",
          "value": 49.667494492032,
          "qualityControl": "V"
        },
        "windChill": {
          "unitCode": "wmoUnit:degC",
          "value": null,
          "qualityControl": "V"
        },
        "heatIndex": {
          "unitCode": "wmoUnit:degC",
          "value": 21.55242902284778,
          "qualityControl": "V"
        },
        "cloudLayers": [
          {
            "base": {
              "unitCode": "wmoUnit:m",
              "value": 3810
            },
            "amount": "CLR"
          }
        ]
      }
    },
    {
      "id": "https://api.weather.gov/stations/KVBG/observations/2026-03-23T02:55:00+00:00",
      "type": "Feature",
      "geometry": {
        "type": "Point",
        "coordinates": [
          -120.58,
          34.72
        ]
      },
      "properties": {
        "@id": "https://api.weather.gov/stations/KVBG/observations/2026-03-23T02:55:00+00:00",
        "@type": "wx:ObservationStation",
        "elevation": {
          "unitCode": "wmoUnit:m",
          "value": 112
        },
        "station": "https://api.weather.gov/stations/KVBG",
        "stationId": "KVBG",
        "stationName": "Vandenberg Space Force Base",
        "timestamp": "2026-03-23T02:55:00+00:00",
        "rawMessage": "KVBG 230255Z AUTO 31005KT 9SM OVC008 13/12 A2993 RMK AO2 OVC V BKN SLP138 T01320116 53008 TSNO $",
        "textDescription": "Cloudy",
        "icon": "https://api.weather.gov/icons/land/night/ovc?size=medium",
        "presentWeather": [],
        "temperature": {
          "unitCode": "wmoUnit:degC",
          "value": 13.2,
          "qualityControl": "V"
        },
        "dewpoint": {
          "unitCode": "wmoUnit:degC",
          "value": 11.6,
          "qualityControl": "V"
        },
        "windDirection": {
          "unitCode": "wmoUnit:degree_(angle)",
          "value": 310,
          "qualityControl": "V"
        },
        "windSpeed": {
          "unitCode": "wmoUnit:km_h-1",
          "value": 9.36,
          "qualityControl": "V"
        },
        "windGust": {
          "unitCode": "wmoUnit:km_h-1",
          "value": null,
          "qualityControl": "Z"
        },
        "barometricPressure": {
          "unitCode": "wmoUnit:Pa",
          "value": 101360,
          "qualityControl": "V"
        },
        "seaLevelPressure": {
          "unitCode": "wmoUnit:Pa",
          "value": 101380,
          "qualityControl": "V"
        },
        "visibility": {
          "unitCode": "wmoUnit:m",
          "value": 14480,
          "qualityControl": "C"
        },
        "maxTemperatureLast24Hours": {
          "unitCode": "wmoUnit:degC",
          "value": null
        },
        "minTemperatureLast24Hours": {
          "unitCode": "wmoUnit:degC",
          "value": null
        },
        "precipitationLastHour": {
          "unitCode": "wmoUnit:mm",
          "value": null,
          "qualityControl": "Z"
        },
        "precipitationLast3Hours": {
          "unitCode": "wmoUnit:mm",
          "value": null,
          "qualityControl": "Z"
        },
        "precipitationLast6Hours": {
          "unitCode": "wmoUnit:mm",
          "value": null,
          "qualityControl": "Z"
        },
        "relativeHumidity": {
          "unitCode": "wmoUnit:percent",
          "value": 90.028881506468,
          "qualityControl": "V"
        },
        "windChill": {
          "unitCode": "wmoUnit:degC",
          "value": null,
          "qualityControl": "V"
        },
        "heatIndex": {
          "unitCode": "wmoUnit:degC",
          "value": null,
          "qualityControl": "V"
        },
        "cloudLayers": [
          {
            "base": {
              "unitCode": "wmoUnit:m",
              "value": 240
            },
            "amount": "OVC"
          }
        ]
      }
    },
    null,
    {
      "id": "https://api.weather.gov/stations/KVNY/observations/2026-03-23T03:00:00+00:00",
      "type": "Feature",
      "geometry": {
        "type": "Point",
        "coordinates": [
          -118.48,
          34.22
        ]
      },
      "properties": {
        "@id": "https://api.weather.gov/stations/KVNY/observations/2026-03-23T03:00:00+00:00",
        "@type": "wx:ObservationStation",
        "elevation": {
          "unitCode": "wmoUnit:m",
          "value": 244
        },
        "station": "https://api.weather.gov/stations/KVNY",
        "stationId": "KVNY",
        "stationName": "Van Nuys, Van Nuys Airport",
        "timestamp": "2026-03-23T03:00:00+00:00",
        "rawMessage": "",
        "textDescription": "Clear",
        "icon": "https://api.weather.gov/icons/land/night/skc?size=medium",
        "presentWeather": [],
        "temperature": {
          "unitCode": "wmoUnit:degC",
          "value": 23,
          "qualityControl": "V"
        },
        "dewpoint": {
          "unitCode": "wmoUnit:degC",
          "value": 8,
          "qualityControl": "V"
        },
        "windDirection": {
          "unitCode": "wmoUnit:degree_(angle)",
          "value": 100,
          "qualityControl": "V"
        },
        "windSpeed": {
          "unitCode": "wmoUnit:km_h-1",
          "value": 7.416,
          "qualityControl": "V"
        },
        "windGust": {
          "unitCode": "wmoUnit:km_h-1",
          "value": null,
          "qualityControl": "Z"
        },
        "barometricPressure": {
          "unitCode": "wmoUnit:Pa",
          "value": 101117.57,
          "qualityControl": "V"
        },
        "seaLevelPressure": {
          "unitCode": "wmoUnit:Pa",
          "value": null,
          "qualityControl": "Z"
        },
        "visibility": {
          "unitCode": "wmoUnit:m",
          "value": 16093.44,
          "qualityControl": "C"
        },
        "maxTemperatureLast24Hours": {
          "unitCode": "wmoUnit:degC",
          "value": null
        },
        "minTemperatureLast24Hours": {
          "unitCode": "wmoUnit:degC",
          "value": null
        },
        "precipitationLast3Hours": {
          "unitCode": "wmoUnit:mm",
          "value": null,
          "qualityControl": "Z"
        },
        "relativeHumidity": {
          "unitCode": "wmoUnit:percent",
          "value": 38.209976020464,
          "qualityControl": "V"
        },
        "windChill": {
          "unitCode": "wmoUnit:degC",
          "value": null,
          "qualityControl": "V"
        },
        "heatIndex": {
          "unitCode": "wmoUnit:degC",
          "value": 22.35326048497889,
          "qualityControl": "V"
        },
        "cloudLayers": [
          {
            "base": {
              "unitCode": "wmoUnit:m",
              "value": 3810
            },
            "amount": "CLR"
          }
        ]
      }
    },
    {
      "id": "https://api.weather.gov/stations/KVCV/observations/2026-03-23T02:55:00+00:00",
      "type": "Feature",
      "geometry": {
        "type": "Point",
        "coordinates": [
          -117.38,
          34.59
        ]
      },
      "properties": {
        "@id": "https://api.weather.gov/stations/KVCV/observations/2026-03-23T02:55:00+00:00",
        "@type": "wx:ObservationStation",
        "elevation": {
          "unitCode": "wmoUnit:m",
          "value": 876
        },
        "station": "https://api.weather.gov/stations/KVCV",
        "stationId": "KVCV",
        "stationName": "Victorville, Southern California Logistics Airport",
        "timestamp": "2026-03-23T02:55:00+00:00",
        "rawMessage": "KVCV 230255Z AUTO 19005KT 10SM CLR 22/07 A2994 RMK AO2",
        "textDescription": "Clear",
        "icon": "https://api.weather.gov/icons/land/night/skc?size=medium",
        "presentWeather": [],
        "temperature": {
          "unitCode": "wmoUnit:degC",
          "value": 22,
          "qualityControl": "V"
        },
        "dewpoint": {
          "unitCode": "wmoUnit:degC",
          "value": 7,
          "qualityControl": "V"
        },
        "windDirection": {
          "unitCode": "wmoUnit:degree_(angle)",
          "value": 190,
          "qualityControl": "V"
        },
        "windSpeed": {
          "unitCode": "wmoUnit:km_h-1",
          "value": 9.36,
          "qualityControl": "V"
        },
        "windGust": {
          "unitCode": "wmoUnit:km_h-1",
          "value": null,
          "qualityControl": "Z"
        },
        "barometricPressure": {
          "unitCode": "wmoUnit:Pa",
          "value": 101390,
          "qualityControl": "V"
        },
        "seaLevelPressure": {
          "unitCode": "wmoUnit:Pa",
          "value": null,
          "qualityControl": "Z"
        },
        "visibility": {
          "unitCode": "wmoUnit:m",
          "value": 16090,
          "qualityControl": "C"
        },
        "maxTemperatureLast24Hours": {
          "unitCode": "wmoUnit:degC",
          "value": null
        },
        "minTemperatureLast24Hours": {
          "unitCode": "wmoUnit:degC",
          "value": null
        },
        "precipitationLastHour": {
          "unitCode": "wmoUnit:mm",
          "value": null,
          "qualityControl": "Z"
        },
        "precipitationLast3Hours": {
          "unitCode": "wmoUnit:mm",
          "value": null,
          "qualityControl": "Z"
        },
        "precipitationLast6Hours": {
          "unitCode": "wmoUnit:mm",
          "value": null,
          "qualityControl": "Z"
        },
        "relativeHumidity": {
          "unitCode": "wmoUnit:percent",
          "value": 37.924772238276,
          "qualityControl": "V"
        },
        "windChill": {
          "unitCode": "wmoUnit:degC",
          "value": null,
          "qualityControl": "V"
        },
        "heatIndex": {
          "unitCode": "wmoUnit:degC",
          "value": 21.24581349733278,
          "qualityControl": "V"
        },
        "cloudLayers": [
          {
            "base": {
              "unitCode": "wmoUnit:m",
              "value": null
            },
            "amount": "CLR"
          }
        ]
      }
    },
    {
      "id": "https://api.weather.gov/stations/KVIS/observations/2026-03-23T03:00:00+00:00",
      "type": "Feature",
      "geometry": {
        "type": "Point",
        "coordinates": [
          -119.4,
          36.32
        ]
      },
      "properties": {
        "@id": "https://api.weather.gov/stations/KVIS/observations/2026-03-23T03:00:00+00:00",
        "@type": "wx:ObservationStation",
        "elevation": {
          "unitCode": "wmoUnit:m",
          "value": 89
        },
        "station": "https://api.weather.gov/stations/KVIS",
        "stationId": "KVIS",
        "stationName": "Visalia, Visalia Municipal Airport",
        "timestamp": "2026-03-23T03:00:00+00:00",
        "rawMessage": "",
        "textDescription": "Clear",
        "icon": "https://api.weather.gov/icons/land/night/skc?size=medium",
        "presentWeather": [],
        "temperature": {
          "unitCode": "wmoUnit:degC",
          "value": 24,
          "qualityControl": "V"
        },
        "dewpoint": {
          "unitCode": "wmoUnit:degC",
          "value": 16,
          "qualityControl": "V"
        },
        "windDirection": {
          "unitCode": "wmoUnit:degree_(angle)",
          "value": 300,
          "qualityControl": "V"
        },
        "windSpeed": {
          "unitCode": "wmoUnit:km_h-1",
          "value": 11.124,
          "qualityControl": "V"
        },
        "windGust": {
          "unitCode": "wmoUnit:km_h-1",
          "value": null,
          "qualityControl": "Z"
        },
        "barometricPressure": {
          "unitCode": "wmoUnit:Pa",
          "value": 101286.88,
          "qualityControl": "V"
        },
        "seaLevelPressure": {
          "unitCode": "wmoUnit:Pa",
          "value": null,
          "qualityControl": "Z"
        },
        "visibility": {
          "unitCode": "wmoUnit:m",
          "value": 16093.44,
          "qualityControl": "C"
        },
        "maxTemperatureLast24Hours": {
          "unitCode": "wmoUnit:degC",
          "value": null
        },
        "minTemperatureLast24Hours": {
          "unitCode": "wmoUnit:degC",
          "value": null
        },
        "precipitationLast3Hours": {
          "unitCode": "wmoUnit:mm",
          "value": null,
          "qualityControl": "Z"
        },
        "relativeHumidity": {
          "unitCode": "wmoUnit:percent",
          "value": 60.932871508219,
          "qualityControl": "V"
        },
        "windChill": {
          "unitCode": "wmoUnit:degC",
          "value": null,
          "qualityControl": "V"
        },
        "heatIndex": {
          "unitCode": "wmoUnit:degC",
          "value": 24.046580533825555,
          "qualityControl": "V"
        },
        "cloudLayers": [
          {
            "base": {
              "unitCode": "wmoUnit:m",
              "value": 3810
            },
            "amount": "CLR"
          }
        ]
      }
    },
    {
      "id": "https://api.weather.gov/stations/KWVI/observations/2026-03-23T03:00:00+00:00",
      "type": "Feature",
      "geometry": {
        "type": "Point",
        "coordinates": [
          -121.79,
          36.94
        ]
      },
      "properties": {
        "@id": "https://api.weather.gov/stations/KWVI/observations/2026-03-23T03:00:00+00:00",
        "@type": "wx:ObservationStation",
        "elevation": {
          "unitCode": "wmoUnit:m",
          "value": 48
        },
        "station": "https://api.weather.gov/stations/KWVI",
        "stationId": "KWVI",
        "stationName": "Watsonville, Watsonville Municipal Airport",
        "timestamp": "2026-03-23T03:00:00+00:00",
        "rawMessage": "",
        "textDescription": "Clear",
        "icon": "https://api.weather.gov/icons/land/night/skc?size=medium",
        "presentWeather": [],
        "temperature": {
          "unitCode": "wmoUnit:degC",
          "value": 13,
          "qualityControl": "V"
        },
        "dewpoint": {
          "unitCode": "wmoUnit:degC",
          "value": 10,
          "qualityControl": "V"
        },
        "windDirection": {
          "unitCode": "wmoUnit:degree_(angle)",
          "value": 160,
          "qualityControl": "V"
        },
        "windSpeed": {
          "unitCode": "wmoUnit:km_h-1",
          "value": 7.416,
          "qualityControl": "V"
        },
        "windGust": {
          "unitCode": "wmoUnit:km_h-1",
          "value": null,
          "qualityControl": "Z"
        },
        "barometricPressure": {
          "unitCode": "wmoUnit:Pa",
          "value": 101456.2,
          "qualityControl": "V"
        },
        "seaLevelPressure": {
          "unitCode": "wmoUnit:Pa",
          "value": null,
          "qualityControl": "Z"
        },
        "visibility": {
          "unitCode": "wmoUnit:m",
          "value": 12874.75,
          "qualityControl": "C"
        },
        "maxTemperatureLast24Hours": {
          "unitCode": "wmoUnit:degC",
          "value": null
        },
        "minTemperatureLast24Hours": {
          "unitCode": "wmoUnit:degC",
          "value": null
        },
        "precipitationLast3Hours": {
          "unitCode": "wmoUnit:mm",
          "value": null,
          "qualityControl": "Z"
        },
        "relativeHumidity": {
          "unitCode": "wmoUnit:percent",
          "value": 82.008317294977,
          "qualityControl": "V"
        },
        "windChill": {
          "unitCode": "wmoUnit:degC",
          "value": null,
          "qualityControl": "V"
        },
        "heatIndex": {
          "unitCode": "wmoUnit:degC",
          "value": null,
          "qualityControl": "V"
        },
        "cloudLayers": [
          {
            "base": {
              "unitCode": "wmoUnit:m",
              "value": 3810
            },
            "amount": "CLR"
          }
        ]
      }
    },
    {
      "id": "https://api.weather.gov/stations/KO54/observations/2026-03-23T02:35:00+00:00",
      "type": "Feature",
      "geometry": {
        "type": "Point",
        "coordinates": [
          -122.9,
          40.71
        ]
      },
      "properties": {
        "@id": "https://api.weather.gov/stations/KO54/observations/2026-03-23T02:35:00+00:00",
        "@type": "wx:ObservationStation",
        "elevation": {
          "unitCode": "wmoUnit:m",
          "value": 717
        },
        "station": "https://api.weather.gov/stations/KO54",
        "stationId": "KO54",
        "stationName": "Weaverville",
        "timestamp": "2026-03-23T02:35:00+00:00",
        "rawMessage": "KO54 230235Z AUTO 00000KT 10SM CLR 20/M02 A2997 RMK A01",
        "textDescription": "Clear",
        "icon": "https://api.weather.gov/icons/land/night/skc?size=medium",
        "presentWeather": [],
        "temperature": {
          "unitCode": "wmoUnit:degC",
          "value": 20,
          "qualityControl": "V"
        },
        "dewpoint": {
          "unitCode": "wmoUnit:degC",
          "value": -2,
          "qualityControl": "V"
        },
        "windDirection": {
          "unitCode": "wmoUnit:degree_(angle)",
          "value": 0,
          "qualityControl": "V"
        },
        "windSpeed": {
          "unitCode": "wmoUnit:km_h-1",
          "value": 0,
          "qualityControl": "V"
        },
        "windGust": {
          "unitCode": "wmoUnit:km_h-1",
          "value": null,
          "qualityControl": "Z"
        },
        "barometricPressure": {
          "unitCode": "wmoUnit:Pa",
          "value": 101490,
          "qualityControl": "V"
        },
        "seaLevelPressure": {
          "unitCode": "wmoUnit:Pa",
          "value": null,
          "qualityControl": "Z"
        },
        "visibility": {
          "unitCode": "wmoUnit:m",
          "value": 16090,
          "qualityControl": "C"
        },
        "maxTemperatureLast24Hours": {
          "unitCode": "wmoUnit:degC",
          "value": null
        },
        "minTemperatureLast24Hours": {
          "unitCode": "wmoUnit:degC",
          "value": null
        },
        "precipitationLastHour": {
          "unitCode": "wmoUnit:mm",
          "value": null,
          "qualityControl": "Z"
        },
        "precipitationLast3Hours": {
          "unitCode": "wmoUnit:mm",
          "value": null,
          "qualityControl": "Z"
        },
        "precipitationLast6Hours": {
          "unitCode": "wmoUnit:mm",
          "value": null,
          "qualityControl": "Z"
        },
        "relativeHumidity": {
          "unitCode": "wmoUnit:percent",
          "value": 22.619865696038,
          "qualityControl": "V"
        },
        "windChill": {
          "unitCode": "wmoUnit:degC",
          "value": null,
          "qualityControl": "V"
        },
        "heatIndex": {
          "unitCode": "wmoUnit:degC",
          "value": null,
          "qualityControl": "V"
        },
        "cloudLayers": [
          {
            "base": {
              "unitCode": "wmoUnit:m",
              "value": null
            },
            "amount": "CLR"
          }
        ]
      }
    }
  ]
}